id,brand_id,name,position_id
123,0,"Батарейный мод Joyetech eVic VTC Mini 75W",154
122,0,"Набор боксмод JoyeTech eVic VT плюс eGo ONE Mega VT",116
120,0,"Танк JoyeTech Delta 23",123
281,NULL,Услуга,310
121,0,"Боксмод JoyeTech eVic VT (термоконтроль)",124
118,0,"Танк JoyeTech Delta 16",121
119,0,"Танк JoyeTech Delta 19",122
115,0,"Танк JoyeTech Delta 2",118
114,0,"Электронная сигарета JoyeTech eCom Mega",117
112,0,"Электронная сигарета JoyeTech eCom-BT",114
113,0,"Электронная сигарета JoyeTech eCom",115
111,0,"Электронная сигарета JoyeTech eMode",109
106,0,"Электронная сигарета JoyeTech eGrip",107
1033,0,"Интеллектуальное з/у LiitoKala Engineer Lii-500",1035
1032,0,"Аккумулятор 18650 Sony VTC6 3100 mAh, 30 A",1034
1027,0,"Испаритель для Kanger DripBox",1029
101,0,"Электронная сигарета JoyeTech eGo-CC",103
612,0,"Aspire Cleito",632
613,0,"Жидкость SKILLS: WOODY",633
272,0,"Аккумулятор AWT 18650 3.7V 3000mAh 40A",231
83,0,"Испаритель C3 для Delta 16/19/23",83
84,0,"Испаритель CLR для eGo One",87
85,0,"Испаритель LVC для Delta 2",82
288,0,"Joyetech eCom Supreme",271
86,0,"Обслуживаемая RBA база для Delta 2",81
197,0,"SMOK X-Cube II 160W TC",224
89,0,"Испаритель Eleaf EC Head",90
274,0,"iStick 100W TC",305
78,0,"Испаритель CL для eGo ONE Mega VT",85
79,0,"Испаритель CS для eGrip",77
81,0,"Испаритель C1 для eGo-C, eRoll, eCab, ECA, 510-CC и eGo-CC",79
82,0,"Испаритель C2 для eMode и eCom",80
77,0,"Испаритель CL для eGo ONE",86
273,0,"Дрипка Hastur V2 RDA",304
76,0,"Дрипка ATTY 3",76
69,0,"Набор Kanger Subox Mini starter kit",142
140,0,"Электронная сигарета Eleaf iJust 2",125
637,0,"Eleaf iJust 2 клиромайзер",654
282,0,"Жидкость Шоколад от JoyeTech",311
142,0,"Боксмод Pioneer4You iPV 3 Li 200W",329
158,0,"Жидкость Торнадо от JoyeTech",174
144,0,"Аккумулятор LG HG2 18650",229
145,0,"Боксмод Sigelei 150W TC",147
146,0,"Зарядное устройство Xtar MC2",155
501,0,"Жидкость I`m in Love with the Coca-Coca Berry",521
147,0,"Обслуживаемый бак Billow V2",156
148,0,"Дрипка Sapor RDA",157
149,0,"Kanger Subox Nano 50w Starter Kit",158
150,0,"Жидкость Cloud Parrot Dessert",160
151,0,"Жидкость Cloud Parrot Mojito",161
152,0,"Жидкость Cloud Parrot BZZ MIX",162
153,0,"Жидкость Cloud Parrot Lollipop",163
154,0,"Жидкость Cloud Parrot Berry coctail",164
155,0,"Жидкость Cloud Parrot Cherry",165
156,0,"Жидкость Cloud Parrot Tropical Mix",159
157,0,"Жидкость Cloud Parrot Apple juice",166
159,0,"Жидкость Турецкий табак от JoyeTech",182
160,0,"Жидкость Oryental от JoyeTech",190
161,0,"Жидкость Ментол от JoyeTech",194
162,0,"Жидкость Cmel (Desert) от JoyeTech",186
163,0,"Жидкость Virginia от JoyeTech",178
164,0,"Жидкость Mild Seven от JoyeTech",196
165,0,"Жидкость Double Mint от JoyeTech",192
166,0,"Жидкость Dunhill от JoyeTech",188
167,0,"Жидкость Cola от JoyeTech",184
168,0,"Жидкость China от JoyeTech",180
169,0,"Жидкость 555 (State Express) от JoyeTech",176
170,0,"Жидкость Ежевика от JoyeTech",197
171,0,"Жидкость Дыня  от JoyeTech",195
172,0,"Жидкость Вишня от JoyeTech",193
173,0,"Жидкость Виноград от JoyeTech",191
174,0,"Жидкость Ваниль от JoyeTech",189
175,0,"Жидкость Банан от JoyeTech",187
176,0,"Жидкость Арбуз от JoyeTech",185
177,0,"Жидкость Апельсин от JoyeTech",183
178,0,"Жидкость Ананас от JoyeTech",181
179,0,"Жидкость Sunrain от JoyeTech",179
180,0,"Жидкость RY4 от JoyeTech",177
181,0,"Жидкость Red Bull от JoyeTech",175
182,0,Вэйпбэнды,200
183,0,"Sigelei Fuchai 200w Box Mod",228
184,0,"Smok TFV4 Mini full kit",202
185,0,"Unicig Mutation Tank Indulgence MT-RTA",356
186,0,"Wismec 200W Reuleaux RX200 TC",201
187,0,"Жидкость #VAPESAGA Strawberry & Cream",207
188,0,"Жидкость #VAPESAGA Green banan",217
189,0,"Жидкость #VAPESAGA Pear & Marzipan",219
190,0,"Жидкость #VAPESAGA Raspberry cheesecake",216
191,0,"Жидкость #VAPESAGA Tobacco & Milk",218
192,0,"Жидкость #VAPESAGA Lemon & Lime",220
238,0,"Aspire Atlantis 2",227
194,0,"Eleaf iStick 100W",141
195,0,"Танк UD Zephyrus V2",225
279,NULL,Купон,308
196,0,"Uwell Crown tank",226
193,0,"Испаритель Zephyrus",222
198,0,"iStick TC 60W",205
199,0,"Jig tool (Инструмент для намотки спиралей)",229
200,0,"Кейс для двух аккумуляторов 18650",148
201,0,"Чехол для переноски АКБ 18650",149
202,0,"OBS Crius RTA Tank - V3 Velocity Deck",231
203,0,"Чехол для eVic VTC Mini",233
206,0,"Одножильная проволока для намотки спиралей (noname)",298
207,0,"Жидкость #VAPESAGA Red currant & Menthol",239
208,0,"Жидкость #VAPESAGA Oak & Maple serup",221
347,0,"Жидкость #VAPESAGA American Policeman",241
209,0,"Sense Hydra",206
210,0,"Жидкость Mighty Juice All-Seasons",249
211,0,"Жидкость Mighty Juice Basilisk",250
212,0,"Жидкость Mighty Juice D&G",251
213,0,"Жидкость Mighty Juice Dragonfly",252
214,0,"Жидкость Mighty Juice Flamingo",253
215,0,"Жидкость Mighty Juice French Mint",254
216,0,"Жидкость Mighty Juice Fuzzy Wuzzy",255
217,0,"Жидкость Mighty Juice Invader",256
218,0,"Жидкость Mighty Juice Liqiud Sun",257
219,0,"Жидкость Mighty Juice Marzipanius",258
220,0,"Жидкость Mighty Juice Moonlight",259
221,0,"Жидкость Mighty Juice Rokstar",260
222,0,"Жидкость Mighty Juice Space Blow V.2",261
223,0,"Жидкость Mighty Juice Space Blow V.1",262
224,0,"Жидкость Mighty Juice Take 5",263
225,0,"Жидкость Mighty Juice T Killer",264
226,0,"Жидкость Mighty Juice Wild West",265
227,0,"Жидкость Mighty Juice Yummy",266
228,0,"Eleaf iStick Basic Kit with GS-Air 2",268
229,0,"Аккумулятор LG HE2 18650",147
230,0,"Аккумулятор Samsung 25R 18650",151
231,0,"Испаритель для Uwell Crown",269
232,0,"Испаритель для Atlantis 2",270
233,0,"Аккумулятор SIGELEI SGL-35A 18650",150
234,0,"Жидкость Cloud Parrot Biscuit",167
235,0,"Жидкость Cloud Parrot Yoghurt",168
236,0,"Smok TFV4",203
237,0,"Набор Kanger Topbox Mini starter kit",144
283,0,"Жидкость USA Mix от JoyeTech",312
239,0,"Жидкость ATMOSE Amaru",208
240,0,"Жидкость ATMOSE Chifles",209
241,0,"Жидкость ATMOSE OSK",210
242,0,"Жидкость ATMOSE Mint Party",211
243,0,"Жидкость ATMOSE WILD",212
244,0,"Жидкость ATMOSE Imperator",213
256,0,"Аккумулятор AWT 18650 3.7V 2600mAh 40A",152
245,0,"Японский хлопок, 5 пластин в упаковке",575
247,0,"Набор для намотки спиралей Universal Tools",274
248,0,"Силиконовый чехол на iPV 3 Li",275
249,0,"Проволока для намотки спиралей от UD",276
250,0,"UD Bellus RTA",362
251,0,"Чехол на Wismec Reuleaux RX200",278
252,0,"Пинцет с керамическим наконечником",280
254,0,"Запасное стекло для Kanger Subtank Mini",283
255,0,"Запасное стекло для EHPRO Billow 2",284
278,NULL,Товар,307
257,0,"Дрипка Mutation X v4",286
258,0,"Зарядное устройство Nitecore D2",287
259,0,"Cthulhu RTA v2",291
260,0,"JoyeTech Cuboid 200W",292
261,0,"Aromamizer RDTA + Velocity base",346
262,0,"Kanger KBOX 200W",338
263,0,"iJust start",295
264,0,"iJust start plus",296
265,0,"Набор катушек для намотки UD",297
266,0,"Набор спиралей из кантала UD",1457
1947,0,"Сменный испаритель UWELL Crown 3 Sub Ohm Tank",1942
268,0,"Жидкость Vape Depot Trolley pie",299
269,0,"Жидкость Vape Depot Train Berry",300
270,0,"Жидкость Vape Depot Fruity Pebbles",301
271,0,"Основа для жидкости 70/30",832
280,NULL,Доставка,309
275,0,"Joyetech eGrip OLED",248
276,0,"Жидкость Ruyan #4 от JoyeTech",198
277,0,"Жидкость Черника от JoyeTech",199
284,0,"Жидкость Pam от JoyeTech",313
285,0,"Испаритель BF для CUBIS",84
286,0,"Joyetech CUBIS",315
287,0,"JoyeTech eGo ONE VT 2300 mAh",143
309,NULL,Услуга,336
310,0,"Испаритель для Uwell Rafale",337
289,0,"Испаритель GS Air",317
290,0,"Жидкость Eleaf Американский табак",318
291,0,"Жидкость Eleaf Ананас",319
292,0,"Жидкость Eleaf Апельсин",320
293,0,"Жидкость Eleaf Вишня",321
294,0,"Жидкость Eleaf Голубика",322
295,0,"Жидкость Eleaf Двойная мята",323
296,0,"Жидкость Eleaf Энергетик",324
297,0,"Pioneer4You iPV 4S",328
298,0,"Испаритель для Smok TFV4 / TFV4 mini",204
299,0,"Snow Wolf mini 75W TC",331
300,0,"Coil Master 521 tap",332
311,0,"Испаритель для Kanger TopBox / SubBox",97
301,0,"Зарядное устройство Nitecore I2",289
302,0,"Жидкость Vape MO ЛУКОШКО",277
303,0,"Жидкость Vape MO ЗЕФИР",293
304,0,"Жидкость Vape MO КОМПОТ",294
305,0,"Жидкость Vape MO КЛУБНИЧНЫЙ ЧИЗКЕЙК",306
308,NULL,Товар,335
312,0,"Жидкость Mighty Juice Wizard",267
313,0,"Дрипка Wismec Indestructible",316
314,0,"Wismec Noisy cricket",574
315,0,"Griffin RTA",340
316,0,"Avocado RTA",341
317,0,"CHIEFTAIN Wotofo 220w TC",342
318,0,"Joyetech Ego One AIO",343
319,0,"Зарядное устройство Nitecore D4",288
320,0,"Mvape M1 Plus RTA",344
323,0,"Дрипка Monkey King RDA",325
354,0,"Billow V3 RTA от EHPRO и Eciggity",371
325,0,"Жидкость ATMOSE Fraga",215
326,0,"Универсальный пинцет Vaper Tweezers",348
331,0,"Ароматизаторы TFA",834
333,0,"SMOK STICK BASIC",355
334,0,"Pioneer4you IPV5 200W TC",823
335,0,"Kangertech Dripbox Kit",802
336,0,"SMOK TF-RTA",384
337,0,"Joeyetech Evic VTC Tron mini",360
338,0,"Чехол для Cuboid 150w case",361
339,0,"Illustrious RDA Clone",326
340,0,"Аккумулятор Aspire ICR 18650 (2500mah, 40A)",363
341,0,"Пинцет с керамическими наконечниками UD",364
342,0,"Хлопковая вата UD Koh Gen Do",366
343,0,"Хлопковая вата UD Muji",365
346,0,"Жидкость #VAPESAGA Thai holiday",242
348,0,"Жидкость #VAPESAGA Barbados coctail",240
349,0,"Жидкость 26 | Black Mamba",244
350,0,"Жидкость 26 | Viper",245
351,0,"Жидкость 26 | Python",246
352,0,"Ароматизаторы Multi Flavors",303
353,0,"Испаритель для Mvape M1 Plus RTA",370
355,0,"iStick Pico Kit by Eleaf",372
356,0,"Wismec Presa TC 100w",373
357,0,"GeekVape Digital 521 Tab Coil Master",374
358,0,"Geekvape Griffin 25 RTA top airflow",375
359,0,"Geekvape Griffin 25 RTA",376
360,0,"Жидкость Vape - Orange Subway",302
361,0,"Чехол на iStick 100W TC",279
362,0,"Жидкость Boyar Cat's paw",377
363,0,"Dog3 RDA clone",327
365,0,"Стартовый набор UD Balrog",357
369,0,"Жидкость Boyar Chubby cat",378
366,0,"Жидкость Boyar Fat cat",381
367,0,"Жидкость Boyar Heretic snack",382
371,0,"Набор испарителей для Zephyrus",223
372,0,"Разноцветные дриптипы с регулировкой (акрил+пластик)",386
373,0,"Черный дриптип из поликарбоната",389
374,0,"Белые дриптипы из силикона",393
376,0,"Разноцветные дриптипы из силикона",388
377,0,"Белый дриптип из тефлона",394
378,0,"Черные дриптипы из силикона",390
379,0,"Черный круглый дриптип из тефлона",391
380,0,"Короткий цветной дриптип из полимерной смолы",387
381,0,"Дриптипы от UD из делрина",392
382,0,"Запасное стекло для Kanger Toptank Mini",285
383,0,"Жидкость Santino Euripean Blackcurran",396
384,0,"Жидкость Santino Pineapple Orange with the Hint of Bubblegum",397
385,0,"Жидкость Santino Summer Orange",398
386,0,"Жидкость Tropical Power Berrie",399
387,0,"Жидкость Tropical Tropical Mango",400
388,0,"Жидкость Tropical Apple + Aloe Vera",401
389,0,"Жидкость Apple Froyo",402
390,0,"Жидкость Bangsawan (strawberry + blackcurrant)",403
391,0,"Жидкость Bangsawan (honeydew+pineapple)",404
392,0,"Жидкость Bangsawan (Strawberry + apple)",405
416,0,"Жидкость Maya (grape)",410
409,0,"Жидкость Maya (mango)",409
402,0,"Жидкость Lassi (honeydew)",406
407,0,"Жидкость Lassi (strawberry)",407
408,0,"Жидкость Lassi (mango)",408
772,0,"Жидкость The Ohm Fantasi Orange Ice",414
420,0,"Жидкость The Ohm (Mangorita)",419
422,0,"Жидкость DOCTOR GRIMES™ - TERRORBIRD",444
421,0,"Жидкость The Ohm (Pina Colada)",418
430,0,"Жидкость DOCTOR GRIMES™ - DARK HORSE",450
431,0,"Жидкость DOCTOR GRIMES™ - CIRCLE PIT",445
442,0,"Жидкость Infinity Space - Neon",465
432,0,"Жидкость DOCTOR GRIMES™ - UNICORN",446
433,0,"Жидкость DOCTOR GRIMES™ - HOLY BLOOD",447
440,0,"Жидкость Infinity Space - Moon",463
441,0,"Жидкость Infinity Space - Gidra",464
434,0,"Жидкость DOCTOR GRIMES™ - RINO CIRCLES",448
438,0,"Жидкость Infinity Space - Karma",462
435,0,"Жидкость DOCTOR GRIMES™ - DRAKONOID",449
2388,0,"Жидкость GLOBAL - Holi",2388
2386,0,"Жидкость GLOBAL - Bapplegump",2386
443,0,"Жидкость Infinity Space - Elara",466
436,0,"Жидкость DOCTOR GRIMES™ - VOODOO 2.0",450
444,0,"Жидкость Infinity Space - Green Liquid",467
445,0,"Жидкость Infinity Space - Yellow Liquid",468
458,0,"Жидкость Infinity Space - Aurora",469
459,0,"Жидкость Infinity Space - Orion",470
460,0,"Жидкость Infinity Space - Cassiopea",471
461,0,"Жидкость Infinity Space - Red Liquid",472
462,0,"Жидкость Infinity Space - Dead Star",473
463,0,"Жидкость Infinity Space - Lacerta",474
464,0,"Жидкость Infinity Space - Andromeda",475
465,0,"Жидкость Infinity Space - Lira",476
466,0,"Жидкость Infinity Space - Medea",477
467,0,"Жидкость Infinity Space - Ezoteric",478
473,0,"iStick TC200w",497
471,0,"Основа Smoke Kitchen Cloud 30pg/70vg",1529
1660,0,"Compak s-class by Sigelei",1655
1661,0,"Жидкость Entourage Vapor SUGOI VAPOR MUSHA",1656
472,0,"Основа Vaper's Club 40pg/60vg",833
1018,0,"Жидкость CYBERFOG - СКОРОСТЬ",1020
474,0,"Зарядное устройство Nitecore I4",290
475,0,"Жидкость Good luck от JoyeTech",314
476,0,"Gods of Vape "Morpheus"",497
481,0,"Gods of Vape "Zeus"",498
482,0,"Gods of Vape "Athena"",499
483,0,"Gods of Vape "Hades"",500
484,0,"Cuboid Mini Kit by Joyetech",506
485,0,"Tsunami RDA by Geek Vape",507
486,0,"Gemini RTA by Vaporesso",509
494,0,"Geek Vape simple tool kit",514
493,0,"Жидкость Zagam",423
805,0,"SMOK TFV8 Baby Beast",817
491,0,"Жидкость Ravana",422
488,0,"iPV Pure X2 Coil-Less Sub-Ohm Tank by Pioneer4you",512
489,0,"Проволока для намотки спиралей Alien",238
490,0,"Проволока для намотки спиралей Fused clapton",237
495,0,"Испаритель Smok TFV4 Micro-CLP2 Clapton",330
496,0,"Tarot 200VTC Mod by Vaporesso",516
497,0,"R-Steam 80 W TC by SMOK",515
498,0,"UD CVS Cutter Pliers",518
500,0,"iStick Pico 75W TC MOD",519
502,0,"Жидкость I`m in Love with the Coca-Coca Biscuit",522
503,0,"Жидкость I`m in Love with the Coca-Coca Cherry",523
504,0,"Жидкость I`m in Love with the Coca-Coca Grape",524
505,0,"Жидкость I`m in Love with the Coca-Coca Lemon",525
506,0,"Жидкость OLD SCHOOL Evening Fresh",526
507,0,"Жидкость OLD SCHOOL French Jam",528
509,0,"Жидкость OLD SCHOOL Spilled juice",529
510,0,"Жидкость OLD SCHOOL Chicago Cake",530
511,0,"Жидкость OLD SCHOOL Santa Barbara",531
512,0,"Жидкость OLD SCHOOL Sticky gum",532
513,0,"Жидкость OLD SCHOOL Strawberry coctail",533
514,0,"Жидкость OLD SCHOOL Сandy fresh",534
515,0,"Жидкость OLD SCHOOL Сhildrens dream",535
516,0,"Жидкость OLD SCHOOL Pinocchio",536
517,0,"Жидкость YOGURT MILK STRAWBERRY",537
518,0,"Жидкость YOGURT MILK PEAR",538
519,0,"Жидкость YOGURT MILK PEACH",539
520,0,"Жидкость YOGURT MILK BLUEBERRY",540
521,0,"Жидкость Vapor Village French Tobacco",542
522,0,"Жидкость Vapor Village Cubana",541
525,0,"Жидкость Vapor Village Tobacco American",543
526,0,"Жидкость Vapor Village Mild Tobacco",545
527,0,"Жидкость Vapor Village Айриш Крим",546
528,0,"Жидкость Vapor Village Ананас",547
529,0,"Жидкость Vapor Village Tobacco American",544
530,0,"Жидкость Vapor Village Арбуз",548
531,0,"Жидкость Vapor Village Банан",549
532,0,"Жидкость Vapor Village Барбарис",550
533,0,"Жидкость Vapor Village Вишня",551
534,0,"Жидкость Vapor Village Груша",552
535,0,"Жидкость Vapor Village Дикие ягоды",553
536,0,"Жидкость Vapor Village Дыня",554
537,0,"Жидкость Vapor Village Жевательная резинка",555
538,0,"Жидкость Vapor Village Земляника",556
539,0,"Жидкость Vapor Village Клубника",557
540,0,"Жидкость Vapor Village Лайм",558
542,0,"Жидкость Vapor Village Малина",559
543,0,"Жидкость Vapor Village Мультифрукт",560
544,0,"Жидкость Vapor Village Мята",561
545,0,"Жидкость Vapor Village Персик",562
546,0,"Жидкость Vapor Village Яблоко",563
547,0,"Мехмод WISMEC Skyladon",801
548,0,"Joyetech Egrip V2",569
549,0,"ACE Sub Ohm Tank by OBS",570
550,0,"Avocado 24 RDTA",572
551,0,"Испаритель Smok TFV4 Micro-STC2",495
552,0,"Eleaf LYCHE",358
554,0,"WISMEC Theorem RTA",576
553,0,"Нихромовая проволока - 0,4мм 9,1м UD",272
555,0,"Жидкость Ice Cream Cake cornetto",577
556,0,"Жидкость Ice Cream Maxi twist",578
557,0,"Жидкость Ice Cream Miami Beach",579
558,0,"Жидкость Ice Cream Pina colada coctail",580
559,0,"Жидкость Ice Cream Sweet choice",581
560,0,"Жидкость Milk Banana beach",582
567,0,"Жидкость Vape Wild (S+C)2",588
561,0,"Жидкость Milk Magic raspberry",583
562,0,"Жидкость Milk Nectarine paradise",584
564,0,"Жидкость Milk Strawberry fresh xxl",585
565,0,"Жидкость Milk Strawberry wild berry",586
566,0,"Жидкость Milk Wild berry",587
568,0,"Жидкость Vape Wild Circus Bear",589
569,0,"Жидкость Vape Wild Cowboy Cooler",590
570,0,"Жидкость Vape Wild Fruit Hoops",591
571,0,"Жидкость Vape Wild On Cloud Custard",592
572,0,"Жидкость Vape Wild Peache Guavara",593
573,0,"Жидкость Vape Wild Smurf Cake",594
574,0,"Ароматизаторы Capella flavors",353
575,0,"Жидкость Vapor Village Ваниль",564
576,0,"Notch coil 0.2 ohm "Demon killer"",1458
577,0,"Испаритель для UD Balrog",598
578,0,"Anzu RDA by Youde (UD)",599
579,0,"Испаритель OBS Ace Ceramic coil",571
580,0,"Испаритель  Vaporesso cCELL Coil",600
581,0,"Wismec Reuleaux RX200S",601
582,0,"Аккумулятор 18650 Sony VTC4, 2100 mAh, 20/35A",602
583,0,"CLAPTON COIL",1451
584,0,"Quad COIL",1455
585,0,"FUSED CLAPTON COIL",1453
586,0,"ZIPPER COIL",1053
587,0,"MULTIWIRE CLAPTON COIL",605
588,0,"PARALLEL FUSED CLAPTON COIL",607
589,0,"CATERPILLAR CLAPTON COIL",609
590,0,"ALIEN CLAPTON COIL",627
591,0,"STAGGERED CLAPTON COIL",611
592,0,"Жидкость Mega Flavour Dulce de Leche",612
595,0,"Жидкость Mega Flavour Barberry",615
593,0,"Жидкость Mega Flavour Irish Cream",613
594,0,"Жидкость Mega Flavour Blueberry",614
596,0,"Жидкость Mega Flavour Sweet Pear",616
597,0,"Жидкость Mega Flavour Strawberry",617
598,0,"Жидкость Mega Flavour Spermint",618
599,0,"Жидкость Mega Flavour Fresh Gum",619
600,0,"Жидкость Mega Flavour Juice Peach",620
601,0,"Жидкость Mega Flavour Maracuja",621
602,0,"Жидкость Mega Flavour Pineapple",622
603,0,"Жидкость Mega Flavour Vanilla Tahiti",623
604,0,"Жидкость Mega Flavour Vanilla Bourbon",624
605,0,"iJust 2 Eleaf аккумулятор 2600 mAh",625
606,0,"Coil Factory готовая спираль Fused Clapton Coil",597
607,0,"Coil Factory готовая спираль Staggered Clapton Coil",236
608,0,"Coil Factory готовая спираль Zipper Coil",603
609,0,"Efest пластиковый кейс на четыре аккумулятора 18650",629
610,0,"Пузырёк для заправки с тонким металлическим носиком",630
611,0,"Пузырек для заправки от тату краски на 30 мл",631
658,0,"Жидкость #VAPESAGA Mexican Macho",243
616,0,"Жидкость SKILLS: COCOBLAST",634
615,0,"Жидкость SKILLS: J.E.T.",637
623,0,"Жидкость Mi-Mi Vape "Зайчик" Лесные ягоды",641
657,0,"Жидкость Humble Berry Blow Doe",673
617,0,"Жидкость SKILLS: BIRDIE'S MILF",636
619,0,"Жидкость SKILLS: STRAWREAL",635
651,0,"Жидкость Humble Crumble",667
620,0,"Жидкость Mi-Mi Vape "Медвежонок" Дыня с мёдом",638
621,0,"Жидкость Mi-Mi Vape "Белочка" Сливочный орех",639
622,0,"Жидкость Mi-Mi Vape "Енотик" Яблочный пирог",640
624,0,"Жидкость Mi-Mi Vape "Львёнок" Манго-апельсин",642
625,0,"Жидкость Mi-Mi Vape "Обезьянка" Печёный банан",643
626,0,"Жидкость Mi-Mi Vape "Пандочка" Сладкая мята",644
627,0,"Жидкость Mi-Mi Vape "Пингвинчик" Печенье с кремом",645
628,0,"SMOK STICK PLUS",646
630,0,"OBS Crius Plus",649
631,0,"Smok TFV4 MICRO",650
709,0,"Водонепроницаемый кейс на 2 АКБ 18650",729
650,0,"Kanger Protank 4",666
635,0,"Tsunami 24 RDA by Geek Vape",652
636,0,"KangerTech DRIPBOX 160",653
638,0,"Жидкость THE CLOWN: LAFFY",655
639,0,"Жидкость THE CLOWN: SPLITZ",656
640,0,"Жидкость THE CLOWN: SWEET TOOTH",657
641,0,"Жидкость THE CLOWN: TWISTY",658
642,0,"Жидкость THE CLOWN: PENNYWISE",659
643,0,"Жидкость BAD DRIP: FARLEY'S GNARLY SAUCE",663
644,0,"Жидкость BAD DRIP: BAD BLOOD",661
645,0,"Жидкость BAD DRIP: UGLY BUTTER",662
647,0,"Жидкость BAD DRIP: CEREAL TRIP",660
649,0,"Gemini RTA Mega by VAPORESSO",665
652,0,"Жидкость Humble Vape The Rainbow",668
653,0,"Жидкость Humble Hop Scotch",669
654,0,"Жидкость Humble Smash Mouth",670
655,0,"Жидкость Humble Donkey Kahn",671
656,0,"Жидкость Humble American Dream",672
659,0,"Жидкость 26 | Cobra",247
660,0,"Жидкость Atmose MASHERA - Elemental",674
661,0,"Жидкость Atmose MASHERA - Fury",675
663,0,"SMOK H-PRIV TC kit",681
662,0,"Жидкость Atmose MASHERA - Guardian",678
664,0,"SMOK TFV8 CLOUD BEAST TANK",682
665,0,"Жидкость Vape Zone STONE BLOOD",683
970,0,"iJoy Limitless XL",973
667,0,"Жидкость Vape Zone SOUL",684
2407,NULL,"Pyro 24 RDTA by Vandy Vape",2407
668,0,"Жидкость Vape Zone SNOWFLAKE",685
669,0,"Жидкость Vape Zone COMPASS",686
670,0,"Жидкость Vape Zone MOONLIGHT",687
671,0,"Жидкость Vape Zone SUNLIGHT",688
672,0,"Efest пластиковый кейс на две батарейки 18350",692
673,0,"Joyetech AIO силиконовый чехол",693
674,0,"Органический хлопок KENDO GOLD EDITION",694
675,0,"Органический хлопок Kendo Vape Cotton Original",695
676,0,"Испаритель для Cleito Aspire",696
677,0,"Жидкость Кофе от JoyeTech",697
678,0,"Жидкость Капучино от JoyeTech",698
679,0,"Жидкость Сигара от JoyeTech",699
680,0,"Жидкость Табак от JoyeTech",700
681,0,"Smok Nano One Kit",701
682,0,"Жидкость Eleaf Сигара",702
683,0,"Жидкость Eleaf Кофе",703
684,0,"Жидкость Eleaf Табак",704
685,0,"SMOK TFV4 Mini Backup Kit",710
770,0,"Жидкость The Ohm Fantasi Orange",415
1000,0,"Органический хлопок Cotton Bacon v2.0",1003
703,0,"Жидкость Maharaja Root Beer",724
686,0,"Жидкость Aviator Desert turn",711
687,0,"Жидкость Aviator Flakes Bombing",712
688,0,"Жидкость Aviator Heaven Gum",713
689,0,"Жидкость Aviator Wild Wind",715
690,0,"Жидкость Aviator Peach Swoop",714
691,0,"Жидкость Eleaf Ледяное манго",705
692,0,"Жидкость Eleaf Давидофф",706
693,0,"Жидкость Eleaf Капучино",707
695,0,"Жидкость Eleaf Ледяной арбуз",708
696,0,"Жидкость Eleaf Ментол",709
697,0,"Alice in Cloudland - March Hare",718
698,0,"Alice in Cloudland - Alice",719
699,0,"Alice in Cloudland - Cheshire Cat",720
700,0,"Alice in Cloudland - Dormouse",721
701,0,"Alice in Cloudland - Mad Hatter",722
702,0,"Alice in Cloudland - White Queen",723
704,0,"Жидкость Azazel",725
706,0,"Sigelei 213W",749
705,0,"SMOK Guardian III Kit",726
707,0,"Органический хлопок Geek Vape Koh Gen Do",728
708,0,"Аккумулятор 26650 AWT IMR26650 5200mAh 45A",730
711,0,"Загнутый дриптип (сталь + стекло)",732
710,0,"Длинный акриловый дриптип с узором",731
715,0,"Проволока Demon Killer Fused Clapton 5 метров",736
712,0,"Проволока MKWS Juggernaut 5 метров",733
713,0,"Стеклянные дриптипы разноцветные",734
714,0,"Проволока Demon Killer Alien 5 метров",735
716,0,"Длинный стальной дриптип",737
717,0,"Готовые спирали Demon Killer (48 в коробке)",738
718,0,"Дрипкобак SMOK TF-RDTA",739
719,0,"Жидкость Fresh Drop Energy summer",740
720,0,"Жидкость Fresh Drop Breath fruits",741
721,0,"Жидкость Fresh Drop Fiesta after party",742
722,0,"Жидкость Fresh Drop Ripe freshness",743
723,0,"Корпус клиромайзера Eleaf iJust 2",744
724,0,"Набор для обслуживания атомайзера UD Mini Kit",745
725,0,"Тест-пак Infinity Space №1",746
726,0,"Тест-пак Infinity Space №2",747
727,0,"Жидкость Cloud Parrot Fruit ice tea",171
1945,0,"Жидкость Cloud Parrot Iceberg",1940
729,0,"Жидкость Cloud Parrot Jelly Bean",172
730,0,"Жидкость Cloud Parrot Lemonade",173
731,0,"Чехол силиконовый для iStick Pico",748
732,0,"SMOK H-Priv 220W TC",756
734,0,"Испаритель для SMOK TFV8",751
733,0,"Wismec Reuleaux RX75 Kit",750
735,0,"Бак iJoy Tornado Nano",752
736,0,"Дрипкобак iJoy Tornado RDTA",753
737,0,"Проволока для намотки спиралей, сталь SS 316 от UD",754
738,0,"Клэптон для намотки спиралей от UD",755
739,0,"Sigelei Fuchai 213",2361
1426,0,"Жидкость Sinstory - Sgt. Maddonut",1422
740,0,"SMY SDNA75",727
741,0,"Зарядное устройство ESYB M2",758
872,0,"OBS Engine RTA",877
742,0,"Жидкость Humble Sweater Puppets",759
743,0,"Жидкость Humble Pee Wee Kiwi",760
744,0,"GeekVape Eagle Top Airflow tank",762
745,0,"Vaporesso Nalu RDA",763
746,0,"Зарядное устройство Nitecore NEW I2",764
747,0,"Mad Hatter v2 RDA от ADVKEN",765
748,0,"Проволока нихром MKWS",766
749,0,"Жидкость DOCTOR GRIMES™ - WOLFRADIO",451
751,0,"Ароматизаторы TPA/TFA в стекле",835
750,0,"Жидкость DOCTOR GRIMES™ - GREENTHORN",452
752,0,"Жидкость Zone Vape OASIS HEART",689
753,0,"Cthulhu v3 RTA от Cthulhu Mod",768
754,0,"GEAR RDA от CIGREEN",769
755,0,"Стартовый набор Eleaf iJust S",770
756,0,"Wismec Reuleaux RX2/3",757
757,0,"Eleaf iStick Pico Mega Kit",772
1214,0,"Жидкость Lemon 30ml by Mixture",1211
1215,0,"Жидкость Apple 30ml by Mixture",1212
768,0,"Жидкость URBN DRIP SERIES - LONDON FOG / табачный крем",774
759,0,"Жидкость URBN - Moscow Splash / ягодный коктейль",780
760,0,"Жидкость URBN - Bangkok Fusion / тропический микс",781
761,0,"Жидкость URBN - Paris Voyage / пряный десерт",782
762,0,"Жидкость URBN - Berlin Midnight / сладкий ментол",783
763,0,"Жидкость URBN DRIP SERIES - Moscow Splash / ягодный коктейль",775
764,0,"Жидкость URBN DRIP SERIES - Berlin Midnight / сладкий ментол",778
765,0,"Жидкость URBN DRIP SERIES - Bangkok Fusion / тропический микс",776
766,0,"Жидкость URBN DRIP SERIES - Paris Voyage / пряный десерт",777
767,0,"Жидкость URBN - LONDON FOG / табачный крем",779
771,0,"Жидкость The Ohm Rose Milk",412
773,0,"Жидкость The Ohm Exotic Blue",413
776,0,"Жидкость Juice overdose FRIDAY CHILL",786
775,0,"Жидкость Juice overdose DONUT MAFIA",785
777,0,"Жидкость Juice overdose GODDAMN CLASSIC",787
778,0,"Жидкость Juice overdose CUSTARD THRILL",788
779,0,"Жидкость The Ohm (Ruby Ice)",789
781,0,"Аккумулятор SIGELEI SGL- 40A 26650",791
783,0,"IJOY Limitless RDTA Plus",793
1418,0,"Medusa by GeekVape",1409
782,0,"Аккумулятор LG HE4 18650",792
845,0,"iJoy Limitless RDTA",836
784,0,"Испаритель для IJOY Tornado Nano",794
785,0,"Аккумулятор 18650 Sony VTC5, 2600 mAh, 20/35A",795
786,0,"Аккумулятор ET IMR18650HG2 (20/30A, 3000мАч)",796
787,0,"Жидкость ATMOSE Mahorka",214
788,0,"Sigelei j80 80W TC",771
789,0,"Испаритель для GeekVape Eagle Tank",798
790,0,"Стартовый набор Kanger TopBox Nano",799
791,0,"Мехмод X1 от VaperzCloud (USA)",997
792,0,"Мехмод VCM2 от VaperzCloud (USA)",1767
793,0,"Механический мод VCM CAMO от VaperzCloud (USA)",1760
794,0,"Дрипка X1 RDA от VaperzCloud (USA)",803
795,0,"Big Bottle co. - STRAWBERRY MILK",804
797,0,"Big Bottle co. -  GOOD OL’ CUSTARD",805
798,0,"Big Bottle co. - SUMMER DRINK",806
799,0,"Big Bottle co. - BLUEBERRY CAKE",807
800,0,"Big Bottle co. - JELLY DONUT",808
801,0,"Жидкость Hustle Ambition",813
802,0,"Жидкость Hustle Checkmate",814
803,0,"Жидкость Hustle Dreamer",815
804,0,"Жидкость Hustle Pay Day",816
806,0,"Atlantis EVO75 Starter Kit от Aspire",818
807,0,"Силиконовый чехол WISMEC REULEAUX RX2/3",819
808,0,"Запасное стекло для GeekVape Griffin 25/Griffin 25 plus/Eagle",820
809,0,"Запасное стекло для GeekVape Avocado 24",821
810,0,"Запасное стекло для SMOK TFV4",822
811,0,"Sigelei j150 TC Box Mod",797
812,0,"Аккумулятор Eleaf iJust S, 3000 mAh",824
813,0,"PHARAOH RDTA от DigiFlavor и Rip Trippers",825
814,0,"Жидкость The Ohm Fantasi Grape",416
815,0,"Жидкость The Ohm Fantasi Grape Ice",417
816,0,"Big Bottle co. - PINK LEMONADE",809
817,0,"Big Bottle co. - ELECTRIC LEMONADE",810
818,0,"Big Bottle co. - CINNAMON CREAM",811
819,0,"Aspire Cleito 120",826
820,0,"GeekVape Griffin 25 Mini RTA",827
821,0,"CoilART Azeroth RDTA",828
822,0,"Жидкость Humble Unicorn Treats",761
823,0,"Smok Brit One Mega kit",839
824,0,"Smok Brit One Mini kit",840
825,0,"Испаритель для SMOK TFV8 Baby",829
826,0,"Бак Sigelei Elf",830
827,0,"Проволока Demon Killer Clapton 5 метров",831
829,0,"Основа Merck FruitOil 50/50",369
828,0,"Жидкость Aviator Autumn Harvest",716
830,0,"Основа Merck FruitOil 60/40",496
831,0,"Основа Merck FruitOil 70/30",596
832,0,"Основа Merck FruitOil 80/20",767
837,0,"Smok Close One Kit",845
833,0,"WOTOFO Sapor RDA V2 25",841
834,0,"WOTOFO The Troll 25 RDA V2",842
835,0,"WISMEC Neutron RDA",843
836,0,"Eleaf Lemo Drip RDA",844
842,0,"Smok Osub Plus Kit",849
838,0,"Smok Guardian 40 W kit",846
839,0,"Smok H-Priv Mini Kit",847
840,0,"Smok Osub One Kit",848
841,0,"Стартовый набор Kanger Subox Mini-C",838
843,0,"WISMEC Motiv Starter Kit",850
980,0,"DigiFlavor FUJI GTA Tank (Dual Coil Version)",982
979,0,"Жидкость Galaxy Liquid - Jupiter",983
846,0,"Smok Vape Pen 22",851
847,0,"SMOK PAISLEY ONE KIT",852
848,0,"Aspire PockeX Kit",853
976,0,"Боксмод iPV 6x от Pioneer4You",977
977,0,"Испаритель для Aspire Cleito 120",980
978,0,"Стартовый набор Tesla Three Kit",981
998,0,"Испаритель для SMOK Brit ONE MEGA Tank",1001
849,0,"Hcigar VT75",854
850,0,"Smok G-Priv",855
851,0,"Smok IMP 220W",856
852,0,"Eleaf iStick ASTER TC MOD",857
853,0,"Smok Paisley Mod",858
854,0,"Snow Wolf 200 W Limited Edition",859
855,0,"Sigelei Altus",860
856,0,"Uwell Crown 2",861
857,0,"KangerTech Pangu",862
858,0,"Bachelor V2",863
859,0,"Billow V2.5 by Ehpro",864
860,0,"Desire Desert RDTA",865
861,0,"Wotofo SERPENT MINI 25mm RTA",866
862,0,"WOTOFO Sapor RTA 25",867
863,0,"IJOY Limitless SUB OHM Tank",383
864,0,"Жидкость Steep Vapors Ice Cola",869
865,0,"Жидкость Steep Vapors Pop Deez",870
866,0,"Жидкость Entourage Vapor Samurai Man",871
867,0,"Жидкость Entourage Vapor Ninja Man",872
868,0,"Жидкость Havoc Tsunami",873
869,0,"Жидкость Havoc Conspirasy",874
870,0,"Жидкость Havoc Billions",875
871,0,"Жидкость Havoc Aftershock",876
873,0,"Joyetech eGo AIO Box",878
874,0,"Клиромайзер Eleaf Ijust S",879
875,0,"Geekvape Griffin 25 Plus RTA",880
981,0,"Жидкость Galaxy Liquid - Venus",984
982,0,"Жидкость Galaxy Liquid - Neptune",985
983,0,"Жидкость Galaxy Liquid - Mars",986
984,0,"Боксмод SMOK Xcube Ultra 220w TC",979
985,0,"Жидкость MorePara - Horny Berry",987
986,0,"Боксмод Lost Vape TRIADE DNA 200w",991
987,0,"Жидкость MorePara - Dope Summer",988
991,0,"Испаритель IJOY XL C4",994
988,0,"Жидкость MorePara - Tropic Trophy",989
968,0,"Жидкость Atmose MASHERA - CHASTENER",679
969,0,"Жидкость Atmose MASHERA - DEATH MASK",680
971,0,"iJOY Limitless LUX 215W",868
1427,0,"Жидкость Sinstory - SweetHeart",1423
972,0,"Tesla Invader III",974
973,0,"LYNX RDA от Digiflavor",976
974,0,"Sigelei SnowWolf 218",975
975,0,"Испаритель для Wismec Amor Mini",978
989,0,"Жидкость MorePara - Creamy Blue",990
990,0,"Испаритель для Kanger CL Tank",993
992,0,"Набор SMOK Alien kit 220W",995
993,0,"Дрипка Petri v2 Styled",996
994,0,"Набор SubZero Shorty Kit Styled",339
995,0,"Набор SCNDRL Kit Styled",800
996,0,"Пузырьки-"карандаши" для жидкости",999
997,0,"Испаритель для SMOK Vape Pen",1000
999,0,"SMOK TFV8 Big Baby",1002
1001,0,"Жидкость BIGFinDEAL Tiger's Blood",1004
1002,0,"Жидкость BIGFinDEAL Tang",1005
1003,0,"Жидкость BIGFinDEAL CRSP",1006
1004,0,"Жидкость BIGFinDEAL Boo Berry",1007
1005,0,"Жидкость BIGFinDEAL Berry Burst",1008
1006,0,"Жидкость Monster Drops - Berry brzr",1009
1007,0,"Жидкость Monster Drops - Chainiy Chucky",1010
1008,0,"Жидкость Monster Drops - Chewy Bluebr",1011
1009,0,"Жидкость Monster Drops - Coola Kolla",1012
1010,0,"Жидкость Monster Drops - Corny Miky",1013
1011,0,"Жидкость Monster Drops - Energy torgl",1014
1012,0,"Жидкость Monster Drops - Herb'l Grdn",1015
1013,0,"Жидкость Vape Zone Fire Ball",690
1014,0,"Обслуживаемая база для SMOK TFV8 Baby",1016
1015,0,"Дрипка Buddha Mini от Vaperz Cloud",1017
1016,0,"Дрипкобак FODI v2 RDTA от HCigar",1018
1017,0,"iJOY Maxo Quad 315W",992
1022,0,"Жидкость CYBERFOG - ХАРДКОР",1023
1021,0,"Жидкость CYBERFOG - МОЛОДОСТЬ",1022
1023,0,"Tsunami 24 Plus от GeekVape",1025
1024,0,"Kennedy 24 Styled",1026
1034,0,"Мини бокорезы",1036
1035,0,"Жидкость BIGFinDEAL Happy Melon",1037
1036,0,"Жидкость BIGFinDEAL Zebra Stripe",1038
1037,0,"Жидкость BIGFinDEAL Purple Drank",1039
1038,0,"Набор инструментов GeekVape 521 Master Kit V2",1040
1039,0,"Боксмод Aspire Archon 150W",1019
1040,0,"LIMITLESS 200W LMC TC BOX MOD",1041
1041,0,"Wismec Noisy Cricket II-25",1042
1042,0,"IJOY Combo RDTA",1044
1043,0,"Smoant BattleStar 200W TC",1043
1044,0,"Целлюлозная вата Fiber Freaks",1045
1045,0,"Сетка для фитилей генезисов",1046
1046,0,"Запасное стекло для бака OBS Crius Plus",1047
1047,0,"Запасное стекло для бака SMOK TFV8",1048
1048,0,"Шестигранный ключ-отвертка",1049
1050,0,"iJoy Limitless 24 RDA",1051
1051,0,"Пузырьки для жидкости 50 мл",1052
1052,0,"Набор готовых спиралей Demon Killer (7 видов)",1459
1053,0,"CoilART MAGE RTA",1054
1054,0,"OBS Frost Wyrm RDTA",1055
1055,0,"Зарядное устройство Nitecore SC2",1056
1056,0,"Зарядное устройство XTAR SP2",1057
1057,0,"Twisted Messes 24 RDA (Clone)",1058
1059,0,"Жидкость Atmose MASHERA - Unholy",676
1058,0,"Набор Tugboat v3 Kit (Clone)",565
1060,0,"Жидкость Atmose MASHERA - Retribution",677
1061,0,"CoilArt Mage GTA",1060
1062,0,"Обслуживаемая база для SMOK TFV8",1061
1063,0,"Дрипка 528 Goon RDA (clone)",1062
1064,0,"Силиконовый чехол SMOK Alien 220W TAO",1063
1065,0,"Запасное стекло для атомайзера iJust S",1064
1066,0,"Pioneer4you IPV-8 230W",1065
1074,0,"Wismec Reuleaux RXmini Kit",1073
1087,0,"Жидкость URBN - New York Rush",1085
1091,0,"Жидкость URBN - Stockholm MOOD",1089
1088,0,"Smok Stick V8 Kit",1086
1086,0,"Испаритель TFOCC Cltank KangerTech 0,5 Ом",1084
1068,0,"ASTER Total Kit by Eleaf",1067
1069,0,"G320 kit - The  Powerful Marshall by Smok",1068
1070,0,"Skyhook RDTA Box Starter Kit",1069
1071,0,"Cylin Plus RDTA by Wismec",1070
1072,0,"Conqueror Mini RTA Atomizer by Wotofo",1071
1073,0,"Sigelei T200 Box Mod",1072
1075,0,"Aspire NX100 MOD",1074
1076,0,"IJOY Tornado Hero",1075
1077,0,"Ammit 25 Single-Coil by GeekVape",1076
1078,0,"Spirals Tank by SMOK",1077
1079,0,"Arymi Argo by Kangertech",1078
1080,0,"Cuboid 200 by Joyetech",1079
1081,0,"Taifun GT3",1080
1085,0,"TESLA TOUCH 150W TC BOX MOD",1146
1084,0,"TAROT PRO  Mod by Vaporesso",1083
1089,0,"Aster RT by Eleaf",1087
1090,0,"Tarot Nano Kit",1088
1095,0,"Good DriP Acid Cookie",1093
1092,0,"Karma Kit by GeekVape",998
1093,0,"Испаритель Kanger CLOCC SUS316L Coil",1091
1094,0,"Avocado 22 RDTA Special Edition",1092
1096,0,"Good DriP Foggy Melon",1094
1097,0,"Good DriP Smoki Peach",1095
1098,0,"Good DriP Cocktail Sex",1096
1099,0,"Good DriP Bite Apple",1097
1100,0,"Good DriP Forest Berry",1098
1101,0,"Good DriP Strawbi Cream",1099
1102,0,"Good DriP Blueberry Dream",1100
1103,0,"Good DriP Cherry Cookie",1101
1104,0,"Good DriP Shokotam",1102
1105,0,"Good DriP Sweet Cookie",1103
1106,0,"Good DriP Captain Nut",1104
1107,0,"Good DriP Creamberry",1105
1108,0,"Good DriP Shugi-Vugi",1106
1109,0,"Good DriP Liker ZZ",1107
1110,0,"Good DriP Cherry Bomb",1108
1111,0,"Подарочная карта - 1000 рублей",1109
1112,0,"Подарочная карта - 3000 рублей",1110
1113,0,"Подарочная карта - 5000 рублей",1111
1114,0,"VGOD PRO MECH",1519
1115,0,"IJOY RDTA BOX 200W",1113
1116,0,"iJoy TORNADO 150",1114
1117,0,"Жидкость BAD DRIP Don't Care Bear",1115
1118,0,"CREAM Blue Label",1116
1119,0,"Cream red label",1117
1120,0,"cream white label",1118
1121,0,"cream Yellow label",1119
1122,0,"UNIO cheeky fellow",1120
1123,0,"UNIO hattori hanzo",1121
1124,0,"UNIO party animal",1122
1125,0,"Unio tiger fury",1123
1126,0,"Beard #5",1124
1127,0,"Beard #32",1125
1128,0,"Beard #51",1126
1129,0,"Beard #71",1127
1130,0,"Super strudel by beard - вафли с черникой",1128
1131,0,"Super strudel by beard - Вафли с клубничным желе",1129
1132,0,"Charlie's Chalk Dust Mustache Milk",1130
1133,0,"CHARLIE'S CHALK DUST: HONEY BADGER",1131
1134,0,"CHARLIE'S CHALK DUST: DRAMA SWIRL",1132
1135,0,"CHARLIE'S CHALK DUST: WONDER WORM",1133
1136,0,"Charlie's Chalk Dust Slam Berry",1134
1137,0,"Charlie's Chalk Dust Head Bangin Boogie",1135
1138,0,"Charlie's Chalk Dust Sugar and Knife",1136
1139,0,"Charlie's Chalk Dust Peanut Butter & Jesus",1137
1140,0,"Charlie's Chalk Dust Dream Cream",1138
1141,0,"SMOK Alien 220W TC MOD",2356
1142,0,"MELO rt 25 by eleaf",1139
1143,0,"Аккумулятор ET IMR18650 HE4 Deluxe Pack",1140
1144,0,"Aerotank Plus by Kanger",1141
1145,0,"Swallowtail by sigelei",1142
1146,0,"Skyhook RDTA TANK",1143
1147,0,"Жидкость Milk chocoroi",1144
1148,0,"IJOY RDTA Mechanical MOD Kit",1517
1149,0,"VGOD Pro 150 Box Mod",2357
1150,0,"Unio Swirs cake",1147
1182,0,"Adonis Max by Arctic Dolphon",1179
1151,0,"Beard #64",1148
1152,0,"тест редактора",1149
1153,0,"Ocular by Joyetech",1150
1154,0,Punch,1151
1155,0,"IJOY SOLO V2 200W Starter Kit",1152
1156,0,"Nebula Vape Mod",1153
1157,0,"G150 kit by Smok",1154
1158,0,"Aspire Pegasus BOX MOD",1155
1159,0,"IJOY: БАЗА ДЛЯ TORNADO T6",1156
1160,0,"Junky Monkey Chuck's Tears",1157
1161,0,"Junky Monkey Popeye's Milk",1158
1162,0,"Junky Monkey Thor's Balls",1159
1163,0,"Junky Monkey Rocky's Sweat",1160
1164,0,"Junky Monkey Tropical Boner",1161
1165,0,"Tokyo Lemongrab",1162
1166,0,"Tokyo Pahlava",1163
1167,0,"Tokyo Uppercut",1164
1168,0,"Tokyo Tobberies",1165
1169,0,"Tokyo Choco Turbo",1166
1170,0,"Tokyo Mint Candy",1167
1171,0,"Cartel Al Capone",1168
1172,0,"Cartel Bonnie & Clyde",1169
1173,0,"Cartel Bugsy",1170
1174,0,"Cartel Don Corleone",1171
1175,0,"Cartel Gambino",1172
1176,0,"Snickers satisfies",1173
1177,0,"Serpent Alto RTA",1174
1178,0,"Attitude Kit by Vaporesso",1175
1179,0,"Wismec Reuleaux RX300 MOD",2359
1180,0,"Coltvolt by Vivappover",1177
1181,0,"Blazer 200 by Sense",1178
1183,0,"Cubed RDA by Aria & Twisted Messes",1180
1184,0,"AIO 70W by Teslacigs",1181
1185,0,"Lost Vape Therion BF Squonker DNA 75 Box Mod Kit",1182
1186,0,"Запасное стекло для SMOK TFV4 Micro",1183
1187,0,"Запасное стекло для SMOK TFV4 MINI",1184
1188,0,"Испаритель VGOD Trick Tank Coils 0.2Ohm",1185
1189,0,"Жидкость Maxwell's - Shoria",1186
1190,0,"Испаритель IMC-Coil для IJOY COMBO",1187
1191,0,"Method - Berry Buns",1188
1192,0,"Method - Crancola",1189
1193,0,"Method - Lemon Tart",1190
1194,0,"120 Juice - Green",1191
1195,0,"120 Juice - blue",1192
1196,0,"120 Juice - Yellow",1193
1197,0,"Reux by Wismec",1194
1198,0,"Demon Hunter RDTA by Smokjoy",1195
1199,0,"illusion i4 by GeekVape - 260W",1196
1200,0,"Жидкость Bubba Jug Sour Green Apple",1197
1201,0,"Жидкость Bubba Jug Blue Raspberry Cotton Candy",1198
1202,0,"Digiflavor Siren GTA Atomizer 22mm",1199
1203,0,"ЖИДКОСТЬ ATMOSE X - GUDRON",1200
1204,0,"Жидкость ATMOSE X - BERLI",1201
1205,0,"Жидкость ATMOSE X - SARGON",1202
1206,0,"Trinity kit by Vapor2",1203
1248,0,"Жидкость Sok - Trops",1244
1207,0,"Боксмод Sigelei WEHE 218",1176
1208,0,"Exo RTA by IJOY",1205
1209,0,"VECO by Vaporesso",1206
1210,0,"La Petite Box by Wismec и Vaponaute",1207
1211,0,"EXO 360 by IJOY",1208
1212,0,"Jellyfish by Vapjoy",1209
1213,0,"Livepor 160W by Yosta",1210
1216,0,"Жидкость Litchi 30ml by Mixture",1213
1217,0,"Жидкость Milo 30ml by Mixture",1214
1218,0,"Жидкость Mango 30ml by Mixture",1215
1219,0,"Жидкость Tea 30ml by Mixture",1216
1220,0,"EXO XL by IJOY",1217
1221,0,"Igvi R2 by Yosta",1218
1222,0,"Rabox by Smoant",1219
1223,0,"GX 2/4 KIT by Smok",1220
1224,0,"Symbiote RDA by Tobeco",1221
1225,0,"Blazer 80 by Cigreat",1222
1226,0,"Gold Interchangeable RDTA by Limitless",1223
1227,0,"Boxin DNA 75",1224
1228,0,"Wismec Reuleaux RXmini Mod",1204
1229,0,"Avatar Rs 75w",1225
1230,0,"Volcano C002 by Vivappower",1226
1231,0,"Mage Combo by Coil ART",1227
1232,0,"Жидкость Steep Vapors Ice Cola 120 мл.",1228
1233,0,"Reux mini by Wismec",1229
1234,0,"IndeRemix - Wismec",1230
1235,0,"Armor 1.0 RDA",1231
1236,0,"AL85 by SMOKTECH kit",1232
1237,0,"iJust One by Eleaf",1233
1238,0,"VapeDroid C2D1 by S-Body - DNA 250",1234
1239,0,"DIP RTA by Vape Cige",1235
1240,0,"Hedron by Vaporshark",1236
1241,0,"Livepor 80 KIT by Yosta",1237
1242,0,"Asmodus Minikin v1.5",1225
1243,0,"Asmodus Minikin V2",2358
1268,0,"Petri V3 RDA (Styled)",1264
1244,0,"Minikin Boost by Asmodus",1240
1245,0,"Coolfire Mini",1241
1246,0,"Typhon RDA by DDP Vape",1242
1247,0,"Kryten RDA by Psyclone Mods",1243
1249,0,"Жидкость Sok - Soufl",1245
1250,0,"Жидкость Yoga Vape GREEN SIN",1246
1251,0,"Жидкость Yoga Vape Berry's highway",1247
1252,0,"Жидкость Yoga Vape Rainy Pie",1248
1253,0,"Жидкость Yoga Vape Melon Rock",1249
1254,0,"Жидкость Yoga Vape Triumph Cream",1250
1255,0,"Жидкость Yoga Vape Sunrise Mint",1251
1256,0,"Жидкость Yoga Vape Fleur D'Paris",1252
1257,0,"Жидкость Yoga Vape Turbo",1253
1258,0,"Жидкость Yoga Vape Smack",1254
1259,0,"Жидкость Yoga Vape Molly Mellow",1255
1260,0,"eVic VTC Dual by Joyetech",1239
1261,0,"Engine NANO by OBS",1257
1262,0,"Жидкость BEARS - GRIZZLY",1258
1263,0,"Жидкость BEARS - PANDA",1259
1264,0,"Жидкость BEARS - KODIAK",1260
1265,0,"Жидкость BEARS - BARRIBAL",1261
1266,0,"Жидкость BEARS - URSA",1262
1267,0,"Sigelei Fuchai 213 Plus",1240
1269,0,"Жидкость Grand - NORTH",1265
1270,0,"Жидкость Grand - WEST",1266
1271,0,"Жидкость Grand - EAST",1267
1272,0,"Жидкость Grand - SOUTH",1268
1273,0,"Жидкость Grand - POLAR",1269
1274,0,"Жидкость Zombie Time - PIMI",1270
1275,0,"Жидкость Zombie Time - DETT",1271
1276,0,"Жидкость Zombie Time - PANC",1272
1277,0,"Жидкость Zombie Time - PEKI",1273
1278,0,"Жидкость Zombie Time - ZONN",1274
1279,0,"Жидкость Zombie Time - ZOBI",1275
1280,0,"Жидкость Zombie Time - HORR",1276
1456,0,"Triple Fused by Grade Coils",1439
1281,0,"Жидкость Zombie Time - FOGG",1277
1282,0,"Melo 300 by Eleaf",1278
1283,0,"Жидкость Uno Juice - Pearl",1279
1284,0,"Жидкость Uno Juice - Summer",1280
1285,0,"Жидкость Uno Juice - Classic",1281
1286,0,"Жидкость Trix - Alaska Bear",1282
1287,0,"Жидкость Trix - Creamy Clouds",1283
1288,0,"Жидкость Trix - Glint Wine",1284
1289,0,"Ароматизаторы Smoke Kitchen Drops",1285
1290,0,"Ароматизаторы Smoke Kitchen Desserts",359
1291,0,"Big Bear RDTA by Ehpro",1287
1292,0,"Illusion mini by GeekVape",1289
1293,0,"The Troll RTA by Wotofo",1525
1294,0,"Жидкость ATMOSE X - WEIN",1290
1295,0,"Жидкость Fresh - Wild Raspberries",1291
1296,0,"Жидкость Fresh - Kiwiberries",1292
1297,0,"Жидкость Fresh - Apple Peach",1293
1298,0,"Жидкость Fresh - Mango",1294
1299,0,"Жидкость Fresh - Kiwiberries ICE",1295
1300,0,"Жидкость Fresh - Watermelon",1296
1301,0,"GTC40 by WeiPe",1297
1302,0,"Жидкость Doppelganger - Dark Matter",1298
1303,0,"Жидкость Doppelganger - Abyss",1299
1304,0,"Жидкость Doppelganger - Ebony Tower",1300
1305,0,"Жидкость Doppelganger - Desintegration",1301
1306,0,"Жидкость Doppelganger - Immortal",1302
1307,0,"Жидкость Doppelganger - Cradle Guard",1303
1308,0,"Жидкость Doppelganger - Spectral light",1304
1309,0,"Жидкость Doppelganger - Ivory Temple",1305
1310,0,"SMOK TFV12 CLOUD BEAST KING",1306
1311,0,"Испаритель для SMOK TFV12",1307
1312,0,"Жидкость Learmonth - Frostwood",1308
1313,0,"Жидкость Learmonth - Castleberry",1309
1314,0,"Жидкость Learmonth - Dragonhill",1310
1315,0,"Жидкость Learmonth - Royalpie",1311
1316,0,"Жидкость Learmonth - Milkberry",1312
1317,0,"Жидкость illusion - Delusion",1313
1318,0,"Жидкость illusion - Phantom limb",1314
1319,0,"Жидкость illusion - Tune",1315
1320,0,"Жидкость illusion - Error",1316
1321,0,"Жидкость illusion - Hype",1317
1322,0,"Жидкость illusion - Rave",1318
1323,0,"Жидкость illusion - Shepard",1319
1324,0,"Многожильная проволока VapeTiger",1323
1325,0,"Одножильные проволоки UD",1320
1326,0,"Многожильные проволоки UD (Clapton Wire/Braided Wire)",1321
1327,0,"Одножильные проволоки MKWS",1322
1328,0,"120 Juice - Orange",1324
1329,0,"120 Juice - Red",1325
1330,0,"Fuchai 213 mini",1257
1331,0,"eVic Primo by Joyetech",1327
1332,0,"KIMSUN SHARK 60",1328
1333,0,"Cartel 160W by Revenant Vapes",1329
1334,0,"K1 - DNA 75 by Kangertech",1330
1335,0,"Veco One - Starter Kit by Vaporesso",1331
1336,0,"MVP4 100W by Innokin",1332
1337,0,"Drizzle Kit by Vaporesso - MTL",1333
1338,0,"Boxer SX550J by Ginger Vaper",1334
1339,0,"Club 50 by Smokjoy",1335
1340,0,"Bushido Plus 25 RDTA",1336
1341,0,"Gaia RDTA by Cthulhu MOD",1337
1342,0,"Pico Dual by Eleaf",1338
1343,0,"Испаритель для SMOK Brit Mini BM2",1339
1344,0,"Mirage V2 by Epsilon Mods",1340
1345,0,"Buster DNA 250 by Yoko Vape",1341
1346,0,"Avatar RS200 titanium",1342
1353,0,"Испаритель Wismec Amor Atomizer Head",1349
1354,0,"Suorin Air Starter Kit by Foxconn",1350
1355,0,"SXmini G Class by Yihiecigar",1351
1356,0,"Epetite DNA 60 by Lost Vape",1352
1357,0,"Alpine RDTA by Syntheticloud",1353
1358,0,"Drone BF DNA 250 by Lost Vape",1354
1359,0,"Cyclon Mini RDA by Fumytech",1355
1360,0,"Terra RTA by Envii",1356
1361,0,"Tattoo 75W by CigGo",1357
1362,0,"Жидкость Candy King - Batch",1358
1363,0,"Жидкость Candy King - Strawberry Belts",1359
1364,0,"Жидкость Candy King - Sour Worms",1360
1365,0,"Жидкость Candy King - Strawberry Watermelon",1361
1366,0,"Жидкость Candy King - Swedish",1362
1368,0,"Аккумулятор Efest IMR26650 4200mah-50A EF-4200",1364
1369,0,"Жидкость Entourage Vapor Kung Fu Vapor One Inch Punch",1365
1370,0,"Lush Plus RDA by Wotofo",1366
1371,0,"MGNT V2 by Shadovapor",1367
1372,0,"Wotofo Serpent Mini RTA",1288
1373,0,"VaporShark DNA 250",1369
1374,0,"Therion Limited Edition by Lost Vape",1370
1375,0,"Kerui RDTA by Ystar",1371
1376,0,"Lotus Mod by Artisan",1372
1377,0,"Blazer mini by Sense",1373
1378,0,"Cosmonault by District F5VE & Mystery Mod Co.",1374
1379,0,"Desert RDTA by Desire Vape",1375
1380,0,"K-Kiss Kit by Kangertech - 6300 mah",1376
1381,0,"K Kiss Sub-Ohm Tank by Kangertech",1377
1382,0,"Royal Hunter X by Council of Vapor",1378
1383,0,"Icon by Cloud Kicker Society & VO TECH",1379
1384,0,"Wotofo Serpent RDTA",1380
1385,0,"Vapros DIY 80 by Vision",1381
1386,0,"Merlin RDTA by Augvape",1368
1387,0,"Serpent 50w Full Kit by Wotofo",1383
1388,0,"Многожильные проволоки Demon Killer (Alien/Fused Clapton)",1384
1389,0,"Smok X Cube Mini 75w",1264
1390,0,"Запасное стекло для Eleaf Melo 3",1386
1391,0,"Делриновый чафф-кэп 22/24mm. by Clrane",1387
1392,0,"Дриптип 810 делрин черный",1388
1393,0,"Дриптип 510 делрин прозрачный широкий",1389
1394,0,"Дриптип 510 сталь + делрин черный",1390
1395,0,"Дриптип 810 делрин широкий разноцветный",1391
1396,0,"Испаритель для IJOY TORNADO 150",1392
1397,0,"Hellixer RDTA by Footoon",1393
1398,0,"Snowwolf 365 by Sigelei",1394
1399,0,"Duos RDTA by Horizon Tech",1395
1400,0,"Nautilus 2 by Aspire",1396
1401,0,"Zelos Box Mod by Aspire",1397
1402,0,"Mecha 75 by VeeApe",1398
1403,0,"Mad Hatter RDTA by Advken",1399
1404,0,"Sith RDA by HStone Mods",1400
1405,0,"Firefly RDA by Bombertech",1401
1406,0,"Hector by Arctic Dolphin",1402
1407,0,"Испаритель для Smok Spirals Tank",1403
1408,0,"Жидкость Extasy",1404
1409,0,"Жидкость Fantasi Mango Ice",1405
1410,0,"Жидкость Fantasi Mango",1406
1411,0,"Жидкость Bangsawan Apple Grape",1407
1412,0,"Жидкость Frutta Flava",1408
1413,0,"Avocado 24 RDTA Tank Bottom Airflow version",1382
1443,0,"Fused for Mechanical mods",1456
1444,0,"M Tank by VO Tech",1440
1445,0,"Sigelei Kaos Spectrum",1327
1416,0,"Sigelei Fuchai 213 Plus Starter Kit",1412
1417,0,"Terminator by Teslacigs",1413
1419,0,"Elf Tank - MTL by IJOY",1415
1420,0,"OSUB One 50W by SMOKTECH",1416
1421,0,"Hurricane V2 RTA by E-phoenix",1417
1422,0,"iCare 160 by Eleaf",1418
1423,0,"Зарядное устройство ET L-18650 2*1000mA",1419
1424,0,"Pindad SS Driptank by Bombertech",1420
1425,0,"iStick QC by Eleaf",1421
1428,0,"Жидкость Sinstory - Madame la Myrtille",1424
1429,0,"Жидкость Sinstory - Mary Berry",1425
1430,0,"Жидкость Sinstory - Suan Dao",1426
1431,0,"Жидкости Sinstory - Подарочный Набор",1427
1432,0,"Сменные испарители для Sigelei S-31",1428
1433,0,"Vitamin RDTA by Ystar",1429
1434,0,"Eco RDA by Cigpet",1430
1435,0,"Calix V3 By Leo",1431
1436,0,"ESquare DNA 60 by Lost Vape",1432
1437,0,"ECO12 by Cigpet",1433
1438,0,"Air 77 by Smokjoy",1434
1439,0,"T71 by CigGo",1435
1440,0,"Storm 100W by Vapor Storm",1436
1441,0,"Жидкость Learmonth - St. Martin",1437
1442,0,"Жидкость Learmonth - Banoffee",1438
1446,0,"Predator 228 by Wismec",1386
1447,0,"MAXO V12 by IJOY",1442
1448,0,"Жидкость The Clown - Skitzo",1443
1449,0,"Жидкость Hustle Jackpot",1444
1450,0,"Desire Mad Dog RDA (Clone)",1445
1451,0,"Kennedy Trickster 24 (Clone)",1446
1452,0,"OBS V Tank",1447
1453,0,"Жидкость Marina Vape Ono - Mango",1448
1454,0,"Жидкость Marina Vape Ono - Strawberry",1449
1455,0,"Goon LP 528 (Clone)",1450
1457,0,"Framed Stappe Fused Clapton by Grade Coils",610
1458,0,"Tripple Staggered by Grade Coils",606
1459,0,"Staggered by Grade Coils",626
1460,0,"Interlocking Alien by Grade Coils",604
1461,0,"Сlapton by Grade Coils",1452
1462,0,"Stitched Alien by Grade Coils",628
1463,0,"Staple Staggered by Grade Coils",608
1464,0,"Fused by Grade Coils",1454
1467,0,"Жидкость Essen - Pistachio",1462
1468,0,"Жидкость Essen - Strawberry & Raspberry",1463
1469,0,"Жидкость Essen - Citrus",1464
1470,0,"Жидкость Essen - Peaches",1465
1471,0,"Maxo Zenith by iJoy",1466
1472,0,"Сменные испарители для OBS V Sub-ohm Tank",1467
1473,0,"Жидкость Maxwell's - Altay",1468
1474,0,"Tesla Nano 120W Steampunk",1469
1475,0,"iCare Solo by Eleaf",1470
1476,0,"Испарители для iCare solo by Eleaf (ic head)",1471
1477,0,"Хэндспиннер компактный металлический",1472
1478,0,"Хэндспиннер латунный с гравировкой",1473
1479,0,"Хэндспиннер латунный с прорезями",1474
1480,0,"Хэндспиннер пластиковый тройной TRINITY",1679
1481,0,"TUGLYFE Kit (clone)",1059
1817,0,"Жидкость Nasty Juice - Cush Man",1804
1485,0,"Pharaoh RTA by Digiflavor",1414
1482,0,"TUGBOAT V2.5 Mod + RDA (clone)",1090
1483,0,"Dot Mod Petri V2 Kit (clone)",1112
1484,0,"528 Custom GOON Kit (Clone)",1145
1486,0,"Peerless RDA by Geekvape",1481
1487,0,"Mage RDA by CoilArt",1482
1488,0,"Lostart 528 Goon RDA (clone)",1483
1489,0,"120 Juice - Limited",1484
1490,0,"Жидкость CYBERFOG - ГНЕВ",1485
1491,0,"Жидкость Come Back - Позавчера",1486
1492,0,"Жидкость Come Back - Послезавтра",1487
1493,0,"Жидкость Come Back - Вчера",1488
1494,0,"Жидкость Come Back - Сегодня",1489
1495,0,"Жидкость Come Back - Завтра",1490
1496,0,"Хэндспиннер латунный с шариками",1475
1497,0,"Хэндспиннер алюминиевый с карабином",1491
1498,0,"Испаритель для Nautilus 2 by Aspire",1493
1499,0,"Cleito EXO Tank by Aspire",1494
1500,0,"Reuleaux RXmini RESIN",1495
1501,0,"ELLO mini XL by Eleaf",1496
1502,0,"ELLO Mini by Eleaf",1497
1503,0,"Ammit Dual Coil Version by GeekVape",1480
1504,0,"G80 Kit by Smok",1499
1505,0,"Набор инструментов Vandy Vape Tool Kit VV-2",1500
1506,0,"Хлопковая Вата HMS Cutcotton Mian Hua",1501
1507,0,"Дрип-тип Zhandou 810 SL-7M048",1502
1508,0,"Дрип-тип TFV8 SL-7M047",1503
1509,0,"Дрип-тип Steel vape SL7M048 810",1504
1510,0,"Sigelei Fuchai Duo-3",2135
1511,0,"Cthulhu MTL RTA by Cthulhu MOD",1498
1512,0,"Perseus RDTA by Vandy Vape",1507
1513,0,"iJust Х by Eleaf",1508
1514,0,"Five6 Kit by Kangertech",1509
1515,0,"Rabies RDA by Desire",1510
1516,0,"Stick AIO by SMOKTECH",1511
1517,0,"Kennedy 22 RDA (Clone)",1512
1518,0,"Espresso 22 by Digiflavor",1513
1519,0,"Gorge RDA by ADVKEN",1514
1520,0,"ProCore Aries by Joyetech",1515
1521,0,"Кусачки Vapetiger TG-2012",1516
1522,0,"Hanged Kit (Clone)",1476
1523,0,"Legendary Subzero Kit (clone)",1477
1524,0,"Мехмод Broadside Mod 25mm (Clone)",1478
1525,0,"Жидкость Dr. MaCloud - Foxey Lady",1520
1526,0,"Жидкость Dr. MaCloud - Purple Haze",1521
1527,0,"Жидкость Dr. MaCloud - Rhapsody",1522
1528,0,"Жидкость Dr. MaCloud - Little Wing",1523
1529,0,"Druga RDA by Augvape",1524
1530,0,"Merlin mini RTA by Augvape",1506
1531,0,"Pico Squeeze Kit 50w by Eleaf",1526
1532,0,"Основа Smoke Kitchen Traditional 100 мл.",1286
1533,0,"Основа Smoke Kitchen Optimal 100 мл.",1527
1534,0,"Никотиновая основа SK Cloud 100 мл.",1528
1535,0,"Флакон ПВД со стальной иглой (30 мл)",1530
1564,NULL,"сигареты Ява классическая",1559
1536,0,"Жидкость Jam Monster - Strawberry",1531
1537,0,"Жидкость Jam Monster - Blueberry",1532
1538,NULL,"сигареты Rotmans суперслимс блю",1533
1539,NULL,"сигареты Royals блю",1534
1540,NULL,"сигареты Rotmans деми сильвер",1535
1541,NULL,"сигареты Rotmans блю",1536
1544,NULL,"сигареты Rotmans деми клик",1539
1542,NULL,"сигареты Rotmans аэро блю",1537
1543,NULL,"сигареты Rotmans деми",1538
1545,NULL,"сигареты Royals ред",1540
1546,NULL,"сигареты Royals деми блю",1541
1547,NULL,"сигареты Dunhill мастер бленд блю",1542
1548,NULL,"сигареты Dunhill FC мастер бленд",1543
1549,NULL,"сигареты Dunhill FC мастер бленд блю",1544
1550,NULL,"сигареты Dunhill мастер бленд голд",1545
1551,NULL,"сигареты Vogue Lilas",1546
1553,NULL,"сигареты Vogue Bleue",1548
1552,NULL,"сигареты Vogue Menthe",1547
1554,NULL,"сигареты Kent HD Infina",1549
1555,NULL,"сигареты Kent HD Futura",1550
1556,NULL,"сигареты Ява Белое золото оригинальная",1551
1557,NULL,"сигареты Ява Белое золото классическая",1552
1558,NULL,"сигареты Kent Nanotek 2.0 сильвер",1553
1559,NULL,"сигареты Kent Nanotek 2.0 Уайт",1554
1561,NULL,"сигареты Ява Золотая оригинальная",1556
1560,NULL,"сигареты Kent iSwitch",1555
1562,NULL,"сигареты Kent HD Neo",1557
1563,NULL,"сигареты Ява Золотая классическая",1558
1565,NULL,"Сигариллы Marco Polo Classic",1560
1566,NULL,"сигареты Ява 100 золотая классическая",1561
1567,NULL,"Сигариллы Marco Polo Cherry",1562
1571,NULL,"Сигареты с фильтром Camel blue",1566
1568,NULL,"Сигариллы Marco Polo Cappucino",1563
1570,NULL,"сигареты Ява оригинальная",1565
1569,NULL,"Сигариллы Marco Polo Vanilla",1564
1576,NULL,"Сигареты с фильтром Winston super slims white",1571
1573,NULL,"Сигареты с фильтром Camel compact blue",1568
1572,NULL,"Сигареты с фильтром Camel filters",1567
1574,NULL,"Сигареты с фильтром Winston compact plus impulse",1569
1575,NULL,"Сигареты с фильтром Winston super slims silver",1570
1587,NULL,"Сигареты с фильтром Mevius wind blue 4 lss",1582
1577,NULL,"Сигареты с фильтром Winston silver",1572
1578,NULL,"Сигареты с фильтром Winston white",1573
1579,NULL,"Сигареты с фильтром Winston XS silver",1574
1580,NULL,"Сигареты с фильтром Winston Super Slims blue",1575
1584,NULL,"Сигареты с фильтром Winston compact plus blue",1579
1581,NULL,"Сигареты с фильтром Winston blue",1576
1582,NULL,"Сигареты с фильтром Winston classic",1577
1583,NULL,"Сигареты с фильтром Winston XS Super Slims blue",1578
1585,NULL,"Сигареты с фильтром Winston super slims fresh menthol",1580
1586,NULL,"Сигареты с фильтром Winston xs plus blue",1581
1620,NULL,"Сигареты с фильтром Тройка легкая",1615
1588,NULL,"Сигареты с фильтром Winston XStyle silver",1583
1589,NULL,"Сигареты с фильтром Mevius sky blue 6 lss",1584
1590,NULL,"Сигареты с фильтром Mevius slim menthol",1585
1591,NULL,"Сигареты с фильтром Winston xstyle blue",1586
1592,NULL,"Сигареты с фильтром Winston xs plus blue aqua",1587
1593,NULL,"Сигареты с фильтром Winston xs compact plus 100s blue",1588
1594,NULL,"Сигареты с фильтром Bond street compact premium",1589
1595,NULL,"Сигареты с фильтром Philip morris compact premium",1590
1596,NULL,"Сигареты с фильтром LD pink superslims",1591
1607,NULL,"Сигареты с фильтром LD silver",1602
1597,NULL,"Сигареты с фильтром Glamour azure",1592
1598,NULL,"Сигареты с фильтром LD compact silver",1593
1599,NULL,"Сигареты с фильтром Philip morris blue",1594
1600,NULL,"Сигареты с фильтром Glamour lilac",1595
1601,NULL,"Сигареты с фильтром Glamour menthol",1596
1604,NULL,"Сигареты с фильтром Glamure amber",1599
1602,0,"Сигареты с фильтром LD club lounge",1597
1603,NULL,"Сигареты с фильтром LD club platinum",1598
1605,NULL,"Сигареты с фильтром LD club gold",1600
1606,NULL,"Сигареты с фильтром Петр 1 эталон компакт",1601
1608,NULL,"Сигареты с фильтром LD club compact blue",1603
1612,NULL,"Сигареты с фильтром Русский стиль компакт синие",1607
1609,NULL,"Сигареты с фильтром LD club compact lounge",1604
1610,NULL,"Сигареты с фильтром LD red",1605
1611,NULL,"Сигареты с фильтром Sobranie синие",1606
1613,NULL,"Сигареты с фильтром Русский стиль синие",1608
1614,NULL,"Сигареты с фильтром Русский стиль красные",1609
1615,NULL,"Сигареты с фильтром Петр 1 эталон",1610
1619,NULL,"Сигареты с фильтром LD compact 100s blue",1614
1616,NULL,"Сигареты с фильтром Sobranie золотые",1611
1617,NULL,"Сигареты с фильтром Sobranie черные",1612
1618,NULL,"Сигареты с фильтром LD blue",1613
1621,NULL,"Сигареты с фильтром Sobranie superslims pink",1616
1622,NULL,"Сигареты с фильтром Тройка",1617
1630,NULL,"Сигареты с фильтром Parliament reserve 100 super slims",1625
1625,NULL,"Сигареты с фильтром Bond street red selection",1620
1623,NULL,"Сигареты с фильтром Sobranie ks ss golds",1618
1624,NULL,"Сигареты с фильтром Sobranie ks ss blacks",1619
1626,NULL,"Сигареты с фильтром Bond street compact blue",1621
1629,NULL,"Сигареты с фильтром L&M red label",1624
1627,NULL,"Сигареты с фильтром Bond street compact premium 2.0",1622
1628,NULL,"Сигареты с фильтром Bond street blue selection",1623
1631,NULL,"Сигареты с фильтром Parliament platinum blue",1626
1632,NULL,"Сигареты с фильтром Chesterfield blue",1627
1633,NULL,"Сигареты с фильтром Parliament super slims 100",1628
1634,NULL,"Сигареты с фильтром Parliament silver blue",1629
1635,NULL,"Сигареты с фильтром Parliament reserve super slims",1630
1641,NULL,"Сигареты с фильтром EVE premium mint",1636
1636,NULL,"Сигареты с фильтром Parliament Carat синий",1631
1640,NULL,"Сигареты с фильтром Parliament Night blue",1635
1637,NULL,"Сигареты с фильтром Chesterfield red",1632
1638,NULL,"Сигареты с фильтром L&M blue label",1633
1639,NULL,"Сигареты с фильтром Parliament aqua blue",1634
1642,NULL,"Сигареты с фильтром Parliament P black",1637
1643,NULL,"Сигареты с фильтром Marlboro Filter plus",1638
1644,NULL,"Сигареты с фильтром Marlboro touch синий",1639
1651,NULL,"Сигареты с фильтром Marlboro gold original",1646
1645,NULL,"Сигареты с фильтром Marlboro",1640
1646,NULL,"Сигареты с фильтром Philip Morris compact blue",1641
1647,NULL,"Сигареты с фильтром Marlboro Touch синий металлик",1642
1649,NULL,"Сигареты с фильтром EVE",1644
1648,NULL,"Сигареты с фильтром Philip Morris dark blue",1643
1650,NULL,"Сигареты с фильтром Parliament P blue",1645
1652,NULL,"Сигареты с фильтром Marlboro double mix compact",1647
1672,NULL,"Сигареты с фильтром Saint George Blue",1667
1653,0,"iStick Pico RDTA by Eleaf",1648
1654,0,"CROWN III Sub Ohm Tank by Uwell",1649
1655,0,"iPV Vesta by Pioneer4you",1505
1656,0,"Mad Hatter 24 Kit by Advken",1651
1657,0,"Banshee by Praxis Vapors",1650
1658,NULL,"Пьезо-зажигалка JT-053 Just Trendy",1653
1659,NULL,"Зажигалка FX-25 Foxlite",1654
1662,0,"Жидкость Aviator - Tobacco Flight",1657
1663,0,"Жидкость Aviator XL - Cuba Mojito",1658
1664,0,"Жидкость Aviator XL - Raspberry Aurora",1659
1665,0,"Жидкость Aviator XL - Summer Delight",1660
1670,NULL,"Сигареты с фильтром Winstone Blue Compact",1665
1666,0,"Жидкость Aviator XL - Beach Сocktail",1661
1667,0,"Жидкость Aviator XL - Happy Сool",1662
1668,0,"Жидкость Aviator XL - Thai Fairy Tale",1663
1669,0,"Жидкость Aviator XL - Coco Party",1664
1671,NULL,"Сигареты с фильтром Saint George Blue Compact",1666
1673,NULL,"Сигареты с фильтром Saint George Red",1668
1674,NULL,"Сигареты с фильтром Saint George Red Compact",1669
1675,0,"Запасное стекло для Aspire Cleito 120",1670
1678,0,"Стальные винты для атомайзеров шестигранные",1673
1679,0,"Compak m-class by Sigelei",1674
1681,0,"Хэндспиннер алюминиевый с шариками",1492
1682,0,"Хэндспиннер двойной акриловый",1676
1683,0,"Хэндспиннер тройной, латунь+акрил",1677
1684,0,"Хэндспиннер пластиковый двойной",1678
1685,0,"Жидкость WEIRDOS CREAMERY - LockJaw",1680
1686,0,"Жидкость WEIRDOS CREAMERY - Moist",1681
1687,0,"Жидкость WEIRDOS CREAMERY - Wonderland",1682
1688,0,"ЖИДКОСТЬ JAM MONSTER - Apple",1683
1689,0,"Хлопковая вата Organic Japanese Cotton",1684
1691,0,"Запасное стекло для бака Melo 3 Mini",1686
1696,0,"Запасное стекло для Aspire Cleito",1691
1693,0,"Predator 228 With Elabo Kit by Wismec",1688
1694,0,"Жидкость DROP OUT: MY JAM+GOOBY",1689
1723,0,"ЖИДКОСТЬ SOK - Grap",1718
1695,NULL,test-opisanie,1690
1697,NULL,"Сигареты с фильтром Kent Микс",1692
1698,0,"Жидкость Sultanaga - Raja",1693
1699,0,"Жидкость Sultanaga - Berhawa",1694
1700,0,"Жидкость Sultanaga - Matahari",1695
1701,0,"Serpent 50W Box Mod by Wotofo",2131
1702,0,"Atmose Revolution - Avrora",1697
1703,0,"Atmose Revolution - PROVOKATOR",1698
1704,0,"Atmose Revolution - Che",1699
1705,0,"Atmose Revolution - BELOMORMAN",1700
1706,0,"Atmose Revolution -  ICEDORA",1701
1707,0,"Atmose Revolution -  BERING",1702
1708,0,"Запасное стекло для SMOK TFV8 Big Baby RBA",1703
1709,0,"Запасное стекло для TFV8 baby",1704
1710,0,"GX 2/4 by SMOKTECH",2019
1712,0,"Fuchai Wildfox AIO by Sigelei",1707
1713,0,"Invader 2/3 by Teslacigs",1652
1714,0,"Wave 120W by Vaporesso",1709
1715,0,"Motiv POD by Wismec",1710
1716,0,"Tsunami Pro RDA 25",1711
1717,0,"iJust NexGen by Eleaf",1712
1718,0,"Captain PD270 by IJOY",1696
1719,0,"ЖИДКОСТЬ HUSTLE The Grind",1714
1720,0,"Жидкость Directors Cut - My Undead Girlfriend",1715
1721,0,"Жидкость Directors Cut - The Devil Inside",1716
1722,0,"Жидкость Zenith - Orion",1717
1724,0,"ЖИДКОСТЬ SOK - Gen",1719
1725,0,"Жидкость Cursed Flamingo - Mantra Tea",1720
1726,0,"Жидкость Cursed Flamingo - Follow the leader",1721
1727,0,"Жидкость Robot Sauce - Strawberry Crunch",1722
1728,0,"Жидкость Robot Sauce - Guava Cocktail",1723
1729,0,"Жидкость Robot Sauce - Melon Bubble",1724
1730,0,"Жидкость Robot Sauce - Peach Smoothie",1725
1731,0,"Никобустер - Усилитель крепости жидкости NIC90",1726
1732,NULL,"Сигареты Lucky Strike премиум блю",1727
1733,NULL,"Сигареты Kent Дип Блэк",1728
1734,NULL,"Сигареты Pall Mall Блю",1729
1737,NULL,"Сигареты Alliance Модерн",1732
1735,NULL,"Сигареты Kent Hdi блю",1730
1736,NULL,"Сигареты Pall Mall нанокингз Блю",1731
1739,NULL,"Сигареты Alliance классик",1734
1738,NULL,"Сигареты Pall Mall SuperSlims Блю",1733
1740,NULL,"Сигареты Alliance Деми",1735
1741,NULL,"Сигареты Alliance Премиум",1736
1743,NULL,"Сигареты Ява Золотая Турбо",1738
1742,NULL,"Сигареты Rothmans сильвер",1737
1744,NULL,"Сигареты Alliance Ориджинал Слимс",1739
1745,NULL,"Сигареты Pall Mall SuperSlims ментол",1740
1746,NULL,"Сигареты Alliance Ориджинал Компакт",1741
1747,NULL,"Сигареты Alliance Ориджинал",1742
1748,0,"Сигареты Silk от Шуманси",1743
1749,0,"Никобустер - Никотиновая капсула для жидкости Emotionvape",1744
1750,0,"Жидкость Candy Juice - Cola",1745
1751,0,"Жидкость Candy Juice - Strawberry",1746
1752,0,"Жидкость Candy Juice - Raspberry",1747
1753,0,"Жидкость Candy Juice - Orange",1748
1754,0,"Жидкость Candy Juice - Apple",1749
1755,0,"Smok Stick V8 Baby Kit",1750
1756,0,"Обслуживаемая База SMOK TFV12 V12 RBA/RBA-T",1751
1757,0,"Жидкость Malasian Dream - Lemon Breakfast",1752
1758,0,"Жидкость Malasian Dream - Candy Love",1753
1759,0,"Жидкость Malasian Dream - Cherry Donut",1754
1760,0,"Жидкость Malasian Dream - Pomegranate Explosion",1755
1761,0,"Жидкость Directors Cut - Lemon Dead",1756
1762,0,"Жидкость Directors Cut - Nancey's New Nightmare",1757
1763,NULL,"Сигареты с фильтром LD Club compact IMPULSE",1758
1764,NULL,"Сигареты с фильтром Parker & Simpson Compact Blue",1759
1765,0,"Tsunami Mech Kit by Geekvape",1479
1766,0,"OSUB Baby Kit by SMOKTECH",1761
1767,0,"Azeroth RDA by CoilArt",1762
1768,0,"Azeroth RTA by CoilArt",1763
1769,0,"RDTA Box Mini by iJoy",1764
1770,0,"Compak Kit by Sigelei",1765
1771,0,"Запасное стекло для TFV12",1766
1772,0,"Mech pro by GeekVape",1518
1773,0,"Жидкость Budget - OG",1768
1774,0,"Жидкость Budget - LEDNIQUE",1769
1775,0,"Жидкость Budget - DEWSHAKE",1770
1776,0,"Жидкость Budget - CHARLOTTE",1771
1777,0,"Жидкость Drippy - Hubba Hubba",1772
1778,0,"Жидкость Drippy - Mang God",1773
1779,0,"Жидкость Drippy - Outta The Blue",1774
1786,0,"Therion 133 by Lost Vape",1705
1780,0,"Жидкость Basta Pegasso - Aranci",1775
1781,0,"Жидкость Basta Pegasso - AZZURRO",1776
1782,0,"Жидкость Basta Pegasso - Bianco",1777
1783,0,"Жидкость Basta Pegasso - Giallo",1778
1784,0,"Жидкость Basta Pegasso - Nero",1779
1785,0,"Жидкость Basta Pegasso - Rosso",1780
1787,0,"Tesla nano 60w TC mod",1708
1788,0,"VGOD Tricktank RTA",1783
1789,0,"VGOD Tricktank Pro RDTA",1784
1790,0,"ice Cube RDA by Wotofo",1785
1791,0,"Subzero Competition 24 RDA (Clone)",1786
1792,0,"Сменный испаритель для OBS ACE BVDC Coil Head",1787
1793,0,"Японский хлопок Muji 180 шт",1788
1794,0,"Стекло для TFV8 Big Baby",1789
1795,0,"Мехмод VCM от Vaperz Cloud (USA)",1790
1796,0,"Жидкость Tasties - CRISPIES ‘N CREAM",1791
1797,0,"Жидкость Tasties - MARSHMALLOW CAKE POP",1792
1798,0,"Жидкость Tasties - PISTACHIO ICE CREAM",1793
1799,0,"Жидкость Tasties - TWISTED TAFFY",1794
1800,0,"Жидкость The Custard Shoppe - Raspberry",1795
1801,0,"Жидкость The Custard Shoppe - Butterscotch",1796
1802,0,"Жидкость The Custard Shoppe - Blackberry",1797
1803,0,"Жидкость The Clown - Crush",1798
1804,0,"Жидкость The Clown - Drooly",1799
2030,0,"Набор жидкостей Vape Zone в подарочной коробке",2025
1805,0,"Жидкость Trix - Cider",1800
1806,0,"Жидкость Trix - Pancake",1801
1807,0,"Жидкость Trix - Citrus",1802
1808,0,"EXO SKELETON ES300 by Wismec",1803
1809,0,"Жидкость Nasty Juice - Asap Grape",1811
1810,0,"Жидкость Nasty Juice - Slow Blow",1809
1811,0,"Жидкость Nasty Juice - Wicked Haze",1810
1812,0,"Жидкость Nasty Juice - Fat Boy",1808
1813,0,"Жидкость Nasty Juice - Devil Teeth",1812
1814,0,"Жидкость Nasty Juice - Bad Blood",1807
1815,0,"Жидкость Nasty Juice - Trap Queen",1805
1816,0,"Жидкость Nasty Juice - Green Ape",1806
1818,0,"Goon LP RDA by 528 Custom Vapes (Original)",1813
1819,0,"Жидкость Masquerade - Luna",1814
1820,0,"Жидкость Masquerade - Passione",1815
1821,0,"Жидкость Masquerade - Paradise",1816
1822,0,"Жидкость Masquerade - Amare",1817
1823,0,"Жидкость Masquerade- Enigma",1818
1824,0,"Жидкость Masquerade - Sognare",1819
1825,0,"Жидкость Cloudman - Darth Juice",1820
1826,0,"Жидкость Cloudman - Lex",1821
1827,0,"Жидкость Cloudman - Chocobo",1822
1828,0,"Жидкость Cloudman - Clark Ohm",1823
1829,0,"Жидкости Chill - I (Виноград)",1824
1830,0,"Жидкости Chill - II (Клубника-Баварский крем)",1825
1831,0,"Жидкости Chill - III (Арбуз-дыня)",1826
1832,0,"Жидкости Chill - IV (Кокос-Банан)",1827
1833,0,"Жидкости Drip Pet - Red",1828
1834,0,"Жидкости Drip Pet - Blue",1829
1835,0,"Жидкости Drip Pet - PURPURA",1830
1836,0,"Жидкости Drip Pet - VIRIDE",1831
1837,0,"Жидкости Drip Pet - FLAVUM",1832
1838,0,"Хэндспиннер с LED лампами",1833
1839,0,"Одножильная проволока Geek vape SS316L 28AWG GV-7",1834
1840,0,"iStick pico 25 kit by Eleaf",1835
1841,0,"Сменный испаритель Eleaf Elf Head",1836
1842,0,"Illusion Sub Ohm Tank by Geek Vape",1837
1875,NULL,"Сигареты с фильтром Parliament Reserve Mix",1870
1843,0,"Жидкость Geeked Out - Brace Face",1838
1844,0,"Жидкость Geeked Out - Dork Breath",1839
1845,0,"Жидкость Geeked Out - Snot Shot",1840
1846,0,"Силиконовый чехол iJust S by Eleaf",1841
1847,0,"Fat Buddha RDA (clone)",1842
1848,0,"iPower 80w 5000 mAh by Eleaf",1713
1849,0,"Skar DNA 75 by Lost Vape",1781
1850,0,"Хэндспиннер Vapetiger iLoop",1845
1851,0,"Хэндспиннер Vapetiger Skull",1846
1852,0,"Хэндспиннер Vapetiger Molecule",1847
1853,0,"Cuboid TAP by Joyetech",1782
1863,NULL,"Сигареты с фильтром Kent Криэйт",1858
1854,0,"Хэндспиннер Vapetiger SUN",1849
1858,0,"Bucho by Digiflavor",1853
1855,0,"Комплект усилителей крепости жидкости NIC90 (5 шт.)",1850
1857,0,"CuAIO D22 by Joyetech",1852
1856,0,"CuBox by Joyetech",1843
1859,0,"Vaporous RDA by Wotofo",1854
1860,0,"Cubis 2 by Joyetech",1855
1861,0,"Triple core alien clapton by Hoppers factory",1856
1862,NULL,"Сигареты с фильтром Davidoff Gold Slims",1857
1872,0,"Sebone Mech Mod Kit by Steelvape",1867
1864,NULL,"Сигареты с фильтром Kent Блэк",1859
1865,0,"Жидкость SBR - Moroz",1860
1866,0,"Жидкость SBR - Limonnik",1861
1867,0,"Жидкость SBR - Oreshek",1862
1868,0,"Medusa Reborn RDTA by GeekVape",1863
1873,0,"Tailspin Kit by Steelvape",1868
1871,0,"Yun RDA by Ehpro",1866
1870,0,"Аккумулятор 20700 by iJoy 3000 mAh",1865
1874,0,"Испаритель Eleaf ECL",1869
1877,0,"Испаритель Geek Vape Illusion coil-i1",1872
1876,0,"S-BODY Vapedroid DNA75W C1D2",1844
1886,0,"ХЭНДСПИННЕР Пластиковый с утяжелителями",1881
1878,0,"Испаритель Geek Vape Illusion coil-i4",1873
1879,0,"Испаритель Geek Vape Illusion mini coil-IM4",1874
1880,0,"Жидкость GAS - Sour & Sweet",1875
1881,0,"Жидкость GAS - Sour & Cold",1876
1882,0,"Жидкость GAS - Bubble Gum",1877
1884,0,"Жидкость GAS - Coconut Cookie",1879
1883,0,"Жидкость GAS - Apple Absent",1878
1887,0,"Жидкость Black Diamond",1882
1896,0,"Жидкость Nothing Bundt Vapes - Main Squeeze",1891
1888,0,"Жидкость Holy Sh!t - Riot",1883
1889,0,"Жидкость Holy Sh!t - Hit",1884
1890,0,"Holy Sh!t - Double Fist",1885
1894,0,"Хэндспиннер алюминиевый Vapetiger HF-03Q",1889
1891,0,"Хэндспиннер алюминиевый Molecule HS-002S",1886
1892,0,"Хэндспиннер алюминиевый Vapetiger HF-08Q",1887
1893,0,"Хэндспиннер алюминиевый HS-003S",1888
1895,0,"Хэндспиннер алюминиевый HS-013A",1890
1897,0,"Жидкость Nothing Bundt Vapes - Redrum",1892
1898,0,"Жидкость Nothing Bundt Vapes - White Razz",1893
1899,0,"Жидкость Nothing Bundt Vapes - Cinnabundt",1894
1900,0,"Жидкость FRZN - Pink Lemonade",1895
1901,0,"Жидкость FRZN - Arctic Blue",1896
1902,0,"Жидкость FRZN - Iced Apple",1897
1903,0,"Жидкость FRZN - Glacier Guava",1898
1904,NULL,"Сигареты с фильтром Esse Black",1899
1918,0,"Хэндспиннер Vapetiger UFO",1913
1905,NULL,"Сигареты Kiss SS fresh apple",1900
1906,NULL,"Сигареты Kiss SS Dream",1901
1907,NULL,"Сигареты с фильтром Esse SS Gold",1902
1908,NULL,"Сигареты Kiss SS Romantic",1903
1909,NULL,"Сигареты с фильтром Esse SS Exchange",1904
1910,NULL,"Сигареты с фильтром Esse SS Blue",1905
1912,NULL,"Сигареты с фильтром Richmond Cherry",1907
1911,NULL,"Сигареты Richmond SS Cherry",1906
1913,0,"Жидкость UVA Mango Grape",1908
1914,0,"Жидкость ADV Exotic Blue",1909
1916,0,"Жидкость Fantasi Apple",1911
1915,0,"Жидкость Fantasi Apple ice",1910
1917,0,"Жидкость Horny Red Apple",1912
1921,0,"iKonn 220w Kit by Eleaf",1916
1919,0,"iKonn 220w by Eleaf",1848
1920,0,"Хэндспиннер iSpin Vapetiger",1915
1922,0,"Cartel Dillinger",1917
1928,0,"Жидкость Blizzard Cloud - Ice Garden",1923
1923,0,"Ароматизаторы Smok Kitchen Premium Jungle",1918
1924,0,"Жидкость Blizzard Cloud - Snow King",1919
1927,0,"Жидкость Blizzard Cloud - Red Castle",1922
1925,0,"Жидкость Blizzard Cloud - Desert Anomaly",1920
1926,0,"Жидкость Blizzard Cloud - Winter Hell",1921
1929,0,"Charlie's Chalk Dust Big Belly Jelly",1924
1930,0,"Charlie's Chalk Dust Jam rock Sour Apple",1925
1932,0,"Жидкость Sugar Cloudz - Blue Raspberry Lemonade",1927
1931,0,"Жидкость Drizzle - Apple Waffle",1926
1933,0,"Жидкость Milk & Cookies",1928
1935,0,"Жидкость Melon Drops - Bubble Melon",1930
1934,0,"Жидкость Nitro Vapor - Fluffy Dreamsicle",1929
1936,0,"Жидкость Sugar Cloudz - Juicy Grape",1931
1937,0,"Мехмод Rogue USA Engraved Kit (Clone)",1932
1938,0,"AVID LYFE Able Blem Lyfe Kit (Clone)",1933
1941,0,"AV MOD Predator kit (Clone)",1936
1939,0,"Revolver Timekeeper Kit (Clone)",1934
1940,0,"Мехмод HSTONE MODS BANE Competition Mod (Clone)",1935
1942,0,"Мехмод TVL Magnum Scope Mod (Clone)",1937
1943,0,"Rogue USA kit (Clone)",1938
1948,0,"Пинцет Tweezers HRC40",1943
1949,0,"Кусачки Coil Master Wire Cutter",1944
1950,0,"Пинцет Coil Master Ceramic Tweezers",1945
1951,0,"Запасное стекло для Limitless Plus/iJoy Combo/(25mm)",1946
2190,NULL,"Сигариллы Captain Black LC Dark Crema",2185
1953,0,"Зарядное устройство Efest EF-LUC V6",1948
1954,0,"VAPE PEN PLUS by SMOK",1949
1959,NULL,"Сигареты с фильтром LD Club Blue SuperSlims",1954
1955,NULL,"Сигареты с фильтром LD More compact blue",1950
1958,NULL,"Сигареты с фильтром LD More compact blue 100",1953
1956,NULL,"Сигареты с фильтром LD More Red",1951
1957,NULL,"Сигареты с фильтром Sobranie Refine Black",1952
1962,NULL,"Elabo Mini by Wismec",1957
1960,NULL,"Сигареты с фильтром LD More Blue",1955
1963,NULL,"Azathoth RDA by Cthulhu MOD",1958
1961,0,"Serpent SMM by Wotofo & Suck My Mod",1956
1966,0,"iStick Power Nano Kit 40W by Eleaf",1961
1964,NULL,"Meteor RDTA by Sigelei",1959
1965,NULL,"RDTA 5s by IJOY",1960
1967,0,"Osub Kit 40w by Smok",1962
1968,0,"K4 Quick Start by Aspire",1963
1970,0,"Triton 2 Tank by Aspire",1965
1969,0,"Крышка для мода iJoy limitless 200w TC Mod",1964
1972,0,"iJoy Tornado Nano RDTA",1967
1973,0,"Fuji GTA Single Coil by Digiflavor",1968
1974,0,"Mech Pro Kit by GeekVape",1969
1975,0,"жидкость MALASIAN DREAM - SUMMER EDITIONS",1970
1976,0,"Жидкость Air Factory - Strawberry Kiwi",1973
1978,0,"Жидкость Air Factory - Blue Razz",2312
1977,0,"Жидкость Air Factory - Mystery",2258
1979,NULL,"Сигареты с фильтром LD Club compact select",1974
1980,0,"528 GOON V1.5 RDA (Clone)",1975
1982,0,"Жидкость Okami Brand - Kool Lagerfeld",1977
1981,0,"Жидкость Okami Brand - Dolce Guava",1976
1984,0,"Жидкость Okami Brand - Lychee Lauren",1979
1983,0,"Жидкость Okami Brand - Berry McQueen",1978
1985,0,"Жидкость Okami Brand - Haute mocha",1980
1986,0,"Жидкость Cream Team - Buttercream",1981
1987,0,"Жидкость Plum 30ml by Mixture",1982
1988,0,"Жидкость Kiwi 30ml by Mixture",1983
1991,0,"Жидкость S.A.V. - Квас",1986
1989,0,"Жидкость S.A.V. - Байкал",1984
1990,0,"Жидкость S.A.V. - Тархун",1985
1992,0,"Жидкость S.A.V. - Дюшес",1987
1993,0,"Жидкость Orenji Julius",1988
1997,0,"Жидкость BigBoss Juice - ORANGE JUMMIN",1992
1994,0,"Жидкость BigBoss Juice - FRUIT BATTLE",1989
1995,0,"Жидкость BigBoss Juice - STRAWBERRY LIFE",1990
1996,0,"Жидкость BigBoss Juice - SODA PUNCH",1991
1999,0,"T-Priv 220 TC by Smok",1851
1998,0,"Revenger Kit by Vaporesso",1993
2000,0,"COMPAK M V2 by Sigelei",1995
2004,0,"Wye 200w by Teslacigs",1914
2001,0,"Испаритель SIGELEI COMPAK M V2 COIL-II",1996
2002,0,"Испаритель SMOK STICK AIO",1997
2003,0,"Koopor Primus 300W by Smok",1871
2005,0,"Испаритель для Vaporesso Target Mini 0,5 Ohm",2000
2009,0,"Жидкость Лёд - Тутти-фрутти",2004
2008,0,"Жидкость Лёд - Мороженое",2003
2006,0,"Жидкость Лёд - Зеленый чай",2001
2007,0,"Жидкость Лёд - Морс",2002
2010,0,"Жидкость Лёд - Лимонад",2005
2011,0,"Жидкость Лёд - Бон Пари",2006
2012,0,"Russian Mechanic Wood 24",2007
2013,0,"Russian Mechanic v2.2",2008
2015,0,"Sinuous p80 Kit by Wismec",2010
2014,0,"Sinuous p80 by wismec",1994
2016,0,"Captain RTA by IJOY",2011
2018,0,"Reuleaux RX GEN3 by Wismec",1998
2017,0,"Captain S by IJOY",2012
2019,0,"Compak F1 AIO by Sigelei",2014
2023,0,"CUBOID Pro by Joyetech",1999
2020,0,"PRIV V8 by Smok",2015
2021,0,"Procolor Kit by SMOK",2016
2022,0,"Gnome by Wismec",2017
2024,0,"Sigelei MT 220W Mod",2009
2028,0,"IPV Velas by Pioneer4you",2013
2026,NULL,"Speeder by Aspire",2021
2025,NULL,"Athos by Aspire",2020
2027,NULL,"Ceto RDA by Cthulhu MOD",2022
2029,0,"Snowwolf Vfeng by Sigelei",2018
2031,0,"Наклейки на RX 2/3 в ассортименте",2026
2032,0,"Наклейки на Eleaf iStick Pico 75w в ассортименте",2027
2033,0,"Наклейки на Sigelei 213w в ассортименте",2028
2034,0,"Наклейки на Wismec Reuleaux RX200s в ассортименте",2029
2035,0,"Наклейки на iJust S в ассортименте",2030
2036,0,"iCare Mini by Eleaf",2031
2038,0,"Nova RDA by BMI (Clone)",2033
2037,0,"Thinkvape MKL200 TC Box Mod",2023
2040,0,"Gods of vape - Morpheus",2035
2039,0,"Gods of vape - Hades",2034
2042,0,"Gods of vape - Zeus",2037
2041,0,"Gods of vape - Athena",2036
2043,0,"iCare Mini PCC Kit by Eleaf",2038
2044,0,"Термоусадка на аккумуляторы 18650 в ассортименте",2039
2045,0,"Epic Cartoon - Project 14",2040
2046,0,"Epic Cartoon - Bob",2041
2047,0,"Jelly Fish - Creamy banana",2042
2052,0,"Jelly Fish - Caramel Twist",2047
2048,0,"Jelly Fish - Bubblegum",2043
2049,0,"Jelly Fish - Cupcake",2044
2050,0,"Jelly Fish - Strawberry Pudding",2045
2051,0,"Jelly Fish - Dry Apricot",2046
2053,0,"Jelly Fish - Milk Shake",2048
2054,0,"Jelly Fish - Lemon tea",2049
2055,0,"Big Cloud Parrot - Yoghurt",2050
2056,0,"Big Cloud Parrot - Berry Coctail",2051
2057,0,"Big Cloud Parrot - Iceberg",2052
2058,0,"Big Cloud Parrot - Lemonade",2053
2059,0,"Big Cloud Parrot - Fruit Ice Tea",2054
2060,0,"Big Cloud Parrot - Lollipop",2055
2061,0,"Жидкость Cloud Parrot 2.0 - ORANGE",2056
2062,0,"Жидкость Rainbow Fruits - Acid Apple",2057
2068,0,"Жидкость Rainbow Fruits - Watermelon",2063
2063,0,"Epic Cartoon - Mr. Black",2058
2067,0,"Жидкость Cocktails - Pina Colada",2062
2064,0,"Жидкость Cloud Parrot 2.0 - RED",2059
2065,0,"Жидкость Cocktails - Tequila Sunrise",2060
2066,0,"Жидкость Cocktails - Absinthe",2061
2070,0,"Жидкость Cloud Parrot 2.0 - VIOLET",2065
2069,0,"Жидкость Rainbow Fruits - Turbo Banana",2064
2071,0,"Жидкость Rainbow Fruits - Nuclear Strawberry",2066
2072,0,"Жидкость Cocktails - Jagermeister",2067
2073,0,"Жидкость Cloud Parrot 2.0 - GREEN",2068
2074,0,"Запасное стекло для Goblin mini V3",2069
2075,0,"Запасное стекло для Melo 300 by Eleaf",2070
2076,0,"Запасное стекло для Billow V3 by Ehpro",2071
2083,0,"Жидкость Maxwell's - Shoria Winter",2078
2077,0,"Запасное стекло для Ammit RTA by Geekvape",2072
2078,0,"Запасное стекло для Goblin Nano",2073
2079,0,"Запасное стекло для Uwell Crown",2074
2080,0,"Запасное стекло для Uwell Crown 3",2075
2081,0,"Запасное стекло для Serpent Mini by Wotofo",2076
2082,0,"Запасное стекло для Merlin RTA by Augvape",2077
2084,0,"Сменные испарители Eleaf SC для iCare / iCare Mini",2079
2085,0,"Жидкость Maxwell's - Rich Waterberry v2",2080
2086,0,"Верхняя прокладка с заправочным отверстием для SMOK TFV8/TFV8 Big Baby",2081
2090,0,"Жидкость Electro Jam - Citrus-Raspberry Lemonade",2085
2089,0,"Жидкость Electro Jam - Bluebbery donut",2084
2087,0,"Жидкость Electro Jam - Milk-Chocolate Cookie",2082
2088,0,"Жидкость Electro Jam - Gummy Twist",2083
2091,0,"Жидкость Electro Jam - Watermelon Bubblegum",2086
2092,0,"Жидкость Electro Jam - Candy Cola",2087
2093,0,"Жидкость Electro Jam - Pop corn Сaramel",2088
2094,0,"Жидкость Cream Team - Neapolitan",2089
2095,0,"Жидкость Cream Team - Cinnaroll",2090
2096,0,"Serpent BF RDA by Wotofo",2091
2097,0,"Serpent SUB by Wotofo",2092
2098,0,"Жидкость Directors Cut - The Lost One",2093
2099,0,"Жидкость SVAD & GAND - Taron",2094
2100,0,"Жидкость SVAD & GAND - Mesida",2095
2101,0,"Жидкость SVAD & GAND - Lucero",2096
2103,NULL,"Cricket Fluo",2098
2102,0,"Флакон пластик Chubby Gorilla 30 мл (прозрачный)",2097
2104,NULL,"Winston XStyle Duo",2099
2105,0,"Жидкость Learmonth - Barrymore",2100
2106,0,"Captain Subohm Tank by iJoy",2101
2107,0,"Сменные испарители CA2 для Captain Subohm Tank",2102
2108,0,"Верхняя прокладка с заправочным отверстием для TFV12",2103
2109,0,"Хлопок Coil Master Organic Cotton",2104
2110,0,"Хлопок Coil Buster Vape Cotton",2105
2111,0,"Сменный испаритель для Cleito Exo",2106
2112,NULL,"Dunhill Master Blend Red",2107
2114,0,"Жидкость Twerps - Supernova Squirt",2109
2113,0,"Жидкость Bubble Gang - OG Bubba",2108
2115,0,"Жидкость Pixee Stiks - Contra Code Blue",2110
2116,0,"Жидкость Bubble Gang - Sour Menace",2111
2117,0,"Жидкость Cloud Thieves - Kangaroo Kustard",2112
2118,0,"Жидкость Cinnaroo by Cloud Thieves",2113
2119,0,"Жидкость Cloud Thieves - Strawberry Roo",2114
2120,0,"Mech Box AT-7 by Wotofo",2024
2121,0,"Сумка UD Vape Pocket",2116
2122,0,"2-in-1 Fusion kit by Ehpro",2117
2123,0,"TFV8 X-Baby Beast Tank by Smok",2118
2124,0,"Aegis Mod by Geek Vape",2032
2125,0,"Captain PD1865 with RDTA 5S TC Kit by iJoy",2120
2126,0,"Жидкость Taboo - Phantom",2121
2128,0,"Жидкость Taboo - Laguna",2123
2127,0,"Жидкость Taboo - Millenium",2122
2129,NULL,"Сигареты с фильтром DavidoFF White Slims",2124
2130,NULL,"Сигареты Richmond SS Coffee",2125
2131,NULL,"Кофейные зёрна в шоколаде",2126
2132,0,"Жидкость Bubba Jug Watermelon",2127
2133,0,"Зарядное устройство Nitecore I8 8-Slot",2128
2134,0,"Manta RTA by Advken",2129
2135,0,"Запасное стекло для Troll RTA",2130
2136,0,"Charon 218W Box Mod by Smoant",2115
2139,0,"Fuchai GLO by Sigelei",2119
2137,0,"Combo RDTA 2 by iJoy",2132
2138,0,"H8 Tank by Teslasigs",2133
2140,0,"ONI 167w by Asmodus",2134
2141,0,"Elabo SW by Wismec",2136
2142,0,"Valyrian Sub Ohm Tank by Uwell",2137
2143,0,"Macan by Teslacigs",2138
2144,NULL,"Жидкость Basta Tabasso - Tinto",2139
2145,NULL,"Жидкость Basta Tabasso - Sofia",2140
2146,NULL,"Жидкость Basta Tabasso - Monica",2141
2147,NULL,"Жидкость Basta Diavolo - M.A.F.I.A.",2142
2148,NULL,"Жидкость Basta Diavolo - Tiramisu",2143
2149,0,"Жидкость Uno Juice - Lemon",2144
2150,0,"Жидкость GAS - Gum & Cold",2145
2151,0,"Дрип-топ Steel Vape SL-7M071-1110",2146
2152,NULL,"Зажигалка пьезо Amatti AM-03 Electronik",2147
2153,0,"Fuchai Vcigo K2 kit by Sigelei",2148
2156,0,"VOOPOO DRAG 157W TC",2360
2154,0,"DPRO RDA by Coil Art",2149
2155,0,"Флакон PET 30/60 ml Unicorn",2150
2157,0,"Жидкость Pohaipu - Pineapple + Kiwi Candy",2152
2166,0,"Жидкость Pohaipu - Tobacco + Banana",2161
2158,0,"Жидкость Pohaipu - Tobacco + Mentol + Citrus",2153
2159,0,"Жидкость Pohaipu - Vanilla + Cola",2154
2160,0,"Жидкость Pohaipu - Lemon + Kiwi",2155
2161,0,"Жидкость Pohaipu - Dragon Fruit + Kiwi + Mint",2156
2162,0,"Жидкость Pohaipu - Black Tea + Red Orange",2157
2163,0,"Жидкость Pohaipu - Melon + Mint",2158
2164,0,"Жидкость Pohaipu - Coffe + Cola",2159
2165,0,"Жидкость Pohaipu - White Grape + Blueberry + Mint",2160
2167,0,"Никотиновый бустер Monster Drops Mighty Nicco (10 шт)",2162
2168,0,"Жидкость Pour House - Butterbean",2163
2170,0,"Жидкость Pour House - Blood Sugar",2165
2169,0,"Жидкость Pour House - Mad Mix",2164
2171,0,"Жидкость Nitro Vapor - Midnight Squeeze",2166
2172,0,"Жидкость Nitro Vapor - Jam Packed Blackberry",2167
2177,0,"Жидкость The Essentials - Afternoon Classic Mojito",2172
2173,0,"Жидкость Vapor Maid - Pudding",2168
2176,0,"Жидкость The Essentials - Morning Lemon Drizzled Dough-Ssant",2171
2174,NULL,"Сигариллы Captain Black LC Cherise",2169
2175,0,"Жидкость The Essentials - Night Red Velvet Cupcake",2170
2178,0,"Красочные Чафф-кэпы для дрипок на 24 мм",2173
2179,0,"Испарители Helmet 0.4 by Smok",2174
2180,0,"Mechmod Only U.S.1 (clone)",2175
2181,0,"Fused Elec",2176
2182,0,"Жидкость Electro Jam - Croissant Walnut",2177
2183,0,"Asvape Michael Mod 200W TC",2151
2184,NULL,"Сигареты Next Violet Special Dubliss",2179
2185,0,"Zephyrus V3 by UD",2180
2186,0,"Интеллектуальное з/у LiitoKala Engineer Lii-400",2181
2188,0,"Combo RDA by iJoy",2183
2187,0,"510 Дрип-тип Steel Vape в ассортименте SL-7M071-510",2182
2189,0,"Жидкость Jam Monster - Grape",2184
2191,0,"Обслуживаемая база ACE OBS RBA coil",2186
2192,0,"Дрип-тип 810 TFV8/TFV12 PAN-003",2187
2195,0,"Apocalypse GEN 2 RDA (Clone)",2190
2193,0,"Skill RDA VapersMD (clone)",2188
2194,0,"Reload V1.5 RDA (Clone)",2189
2198,0,"Жидкость FRTS & YGRT - Lemon & Raspberry Yogurt",2193
2196,0,"Испаритель UD для Zephyrus V3",2191
2197,0,"Жидкость Electro Jam - Orange Sorbet",2192
2199,0,"Жидкость FRTS & YGRT - Mango & Melon Yogurt",2194
2200,0,"Жидкость FRTS & YGRT - Peach & Pineapple Yogurt",2195
2201,0,"IPV Eclipse by Pioneer4you",2178
2202,0,"Аккумулятор 18650 Sony VTC5A 2500mAh 35A",2197
2203,0,"iStick Tria Box Mod by Eleaf",2196
2204,0,"iStick Tria Kit by Eleaf",2199
2207,0,"Жидкость Dazzle - Touch",2202
2205,0,"Испарители Eleaf ES SEXTUPLE 0,17 Ohm для Melo 300",2200
2206,0,"iCare 2 Kit by Eleaf",2201
2208,0,"Жидкость Dazzle - Flash",2203
2216,0,"Жидкость Gorilla Cool - ORBS",2211
2215,0,"Жидкость КРАЙ - Степной край",2210
2209,0,"Жидкость Gorilla Cool - MNDR",2204
2210,0,"Жидкость Gorilla Cool - DRGN",2205
2211,0,"Жидкость Dazzle - Flurry",2206
2212,0,"Жидкость Dazzle - Radiance",2207
2213,0,"Жидкость Gorilla Cool - GRP",2208
2214,0,"Жидкость Dazzle - Spark",2209
2218,0,"Жидкость Gorilla Cool - APPL",2213
2217,0,"Жидкость КРАЙ - Таежный край",2212
2219,0,"Жидкости One Hit Wonder - Rocket Man",2214
2220,0,"Жидкости One Hit Wonder - Police Man",2215
2221,0,"Жидкости One Hit Wonder - Magic Man",2216
2222,0,"Жидкости One Hit Wonder - The Muffin Man",2217
2224,0,"Жидкости One Hit Wonder - The Milk Man",2219
2223,0,"Жидкости One Hit Wonder - My Man",2218
2230,0,"Cuboid Lite by Joyetech",2224
2229,0,"Sinuous FJ200 by Wismec",2221
2225,0,"Crius II RTA by OBS",2220
2226,0,"GAIA 200w by Smoant",2198
2227,0,"Berserker MTL RTA by Vandy Vape",2222
2228,0,"Ello S by Eleaf",2223
2231,0,"Gusto mini by Aspire",2226
2232,0,"Priv One by SMOK",2227
2233,0,"Athena Box Mod by GeekVape",2225
2234,0,"Compak Pen by Sigelei",2229
2243,0,"Triple 28 RTA by Vandy Vape",2238
2235,0,"Athena RDA by GeekVape",2230
2236,0,"Kaiser RTA by Smokjoy",2231
2237,0,"Phoenix BF Kit by Steelvape",2232
2238,0,"Pulse BF by Vandy Vape",2233
2239,0,"Boreas V2 RTA by Augvape",2234
2240,0,"Spruzza Kit by asMODus",2235
2241,0,"Kayfun Prime RTA by Svoe Mesto",2236
2242,0,"Warrior Kit by Teslacigs",2237
2244,0,"Fuchai v3 by Sigelei",2239
2246,0,"J150 plus by Sigelei",2228
2245,0,"Revolvr by Sigelei",2240
2252,0,"Жидкость 7Daze - Pink Sticks",2247
2247,0,"Жидкость Bubba Jug Grape",2242
2248,0,"Жидкость Sliced Fruit - Green Watermelon",2243
2249,0,"Жидкость Sliced Fruit - Blue Watermelon",2244
2250,0,"Жидкость Drip Pops - Strawberry",2245
2251,0,"Жидкость Bubble Gang - Grape Ape 100 мл.",2246
2256,0,"Жидкость Vape Breakfast Classic - Pancake Man Deluxe",2251
2253,0,"Жидкость Drip Pops - Sour Apple",2248
2254,0,"Жидкость Sliced Fruit - Red Watermelon",2249
2255,0,"Жидкость Drip Pops - Blue Raspberry",2250
2261,0,"Жидкость Vape Breakfast Classic - French Dude",2256
2257,0,"Жидкость Vape Breakfast Classic - Pancake Man",2252
2260,0,"Жидкость Unicorn Cakes",2255
2258,0,"Жидкость Macaroon Man",2253
2259,0,"Жидкость Vape Breakfast Classic - Mr. Blintz",2254
2262,0,"Жидкость Granny's Pie",2257
2263,0,"Жидкость Air Factory - Wild Apple",2316
2264,0,"Жидкости Vapetasia - Blackberry Lemonade",2259
2265,0,"Жидкости Vapetasia - Killer Kustard",2260
2271,0,"Жидкости Vapetasia - Pink Lemonade",2266
2270,0,"Жидкость Milkshake - OoohMyMango",2265
2266,0,"Жидкости Vapetasia - Pineapple Express",2261
2267,0,"Жидкости Apple Caramel Drop",2262
2268,0,"Жидкость Sugar - Cookie Dip",2263
2269,0,"Жидкость Vape Take Out - Fortune Cookie",2264
2272,0,"Жидкость Holy Cannoli - Pebbled Cannoli",2267
2273,0,"Жидкость Holy Cannoli - Strawberry Dream",2268
2274,0,"Жидкости Vapetasia - Killer Kustard Strawberry",2269
2275,0,"Жидкость Milkshake - Pineapple Lush",2270
2276,0,"Жидкость The Milkman - The Milkman",2276
2277,0,"Жидкость The Milkman - Strudelhaus",2280
2278,0,"Жидкость The Milkman - Moonies",2281
2279,0,"Жидкость The Milkman - Milkyo's",2330
2280,0,"Жидкость The Milkman - Churrios",2331
2281,0,"Жидкость The Milkman - Crumbleberry",2332
2282,0,"Жидкость DripMore - Watermelone",2277
2283,0,"Жидкость DripMore - Strawberry Kiwi",2278
2284,0,"Жидкость DripMore - Strawberry Palm",2279
2285,0,"Жидкость The Milkman - Little Dipper",2333
2286,0,"Жидкость The Milkman - Hazel",2334
2287,0,"Жидкость DripMore - Peachy Tea",2282
2288,0,"Melo 4 by Eleaf",2283
2289,0,"Испаритель EC2 Head для Melo 4",2284
2290,0,"Испаритель TFV8 X-Baby Coil",2285
2291,0,"Mesh RDA by Vandy Vape",2286
2294,0,"Flow Subtank by Wotofo",2289
2293,0,"Chieftain 80w by Wotofo",2287
2292,0,"Built-in Serpent Box 50w by Wotofo",2241
2296,0,"Жидкость Chams - #2",2291
2295,0,"Жидкость Chams - #3",2290
2297,0,"Жидкость Chams - #1",2292
2300,0,"Интеллектуальное з/у LiitoKala Engineer Lii-202",2295
2298,0,"Хлопок Ninja Wick Organic Japanese Cotton USA упаковка (6 листов)",2293
2299,0,"GENIE PD270 Box Mod 234W by iJoy",2288
2301,0,"Жидкость Morjim - Bakery",2296
2302,0,"Жидкость PANDA'S - Lemon drops",2297
2307,0,"Жидкость PANDA'S - Raspberry lemonade party",2302
2303,0,"Жидкость PANDA'S - Apple target",2298
2304,0,"Жидкость Morjim - Coffee",2299
2305,0,"Жидкость PANDA'S - Mr. HazelNUT'S",2300
2306,0,"Жидкость PANDA'S - Watermelon Ninja",2301
2308,0,"Жидкость Morjim - Apple",2303
2309,0,"Жидкость Morjim - Raspberry",2304
2311,0,"Жидкость Morjim - Blueberry",2306
2310,0,"Жидкость Morjim - Cocomilk",2305
2312,0,"Жидкость Maxwell's - Pink",2307
2314,0,"Жидкость Taboo - Meduza",2309
2313,0,"Набор для намотки спиралей Coil Master V4",2308
2315,0,"Дрип-тип Demon-killer 510-A",2310
2316,0,"Дрип-тип Demon-killer 528-B",2311
2320,0,"Жидкость Beard #00",2315
2317,0,"Жидкость Treat Factory - Kookie Krunch",1972
2318,0,"Жидкость Beard #42",2313
2319,0,"Жидкость Beard #24",2314
2321,0,"Жидкость Treat Factory - Jaw Dropper",1971
2322,0,"Жидкость Cloud Parrot 2.0 - Beige",2317
2323,0,"Жидкость Cloud Parrot 2.0 - Yellow",2318
2324,0,"Жидкость Cloud Parrot 2.0 - Black",2319
2325,0,"Жидкость Cloud Parrot 2.0 - Pink",2320
2326,0,"Жидкость Cloud Parrot 2.0 - Blue",2321
2330,0,"Жидкости Vapetasia - Rainbow Road",2325
2327,0,"ikuun i200 Box Mod 4600 mAh by Eleaf",2294
2328,0,"Capo 100 Kit with one 21700 Battery by iJoy",2323
2329,0,"Жидкость Cloud Thieves - War Pigs",2324
2332,NULL,"Сигареты с фильтром More by LD Cruise Compact Blue (capsule)",2327
2331,0,"Жидкости Vapetasia - Milk of the Poppy",2326
2333,NULL,"Сигареты с фильтром Winston XSlims Blue (Impulse)",2328
2334,NULL,"Сигареты с фильтром Glamour Violet (Impulse)",2329
2335,0,"Жидкость The Milkman Delights - Bubble Milk",2274
2337,0,"Жидкость The Milkman Delights - Truffleberry Milk",2272
2336,0,"Жидкость The Milkman Delights - Pink Milk",2273
2338,0,"Жидкость The Milkman Delights - Melon Milk",2271
2339,0,"Жидкость The Milkman - Pudding",2275
2340,0,"Жидкость Газированная Вода - Тархун",2335
2347,0,"Жидкость Газированная Вода - Ситро",2342
2341,0,"Жидкость Газированная Вода - Байкал",2336
2342,0,"Жидкость Газированная Вода - Буратино",2337
2343,0,"Жидкость Газированная Вода - Крем-сода",2338
2344,NULL,"Жидкость Ice Paradise No Menthol - Crimson Scream",2339
2345,NULL,"Жидкость Ice Paradise No Menthol - Black Magic",2340
2346,NULL,"Жидкость Ice Paradise No Menthol - Fresh Duet",2341
2348,0,"Жидкость Газированная Вода - Дюшес",2343
2349,0,"Жидкость GAS Black - ice pear",2344
2350,0,"Жидкость GAS Black - Garnet Gum",2345
2351,0,"Жидкость Juice Bar - Cherry Burst",2346
2352,0,"Жидкость Juice Bar - Blackberry Breeze",2347
2353,0,"Жидкость GAS Black - lemonade",2348
2354,0,"Жидкость Juice Bar - Grape Bomb",2349
2360,0,"ICON RDA by Vandy Vape",2355
2359,0,"Kaos Z 200w by Sigelei",2322
2357,0,"Govad 24mm RTA by Vandy Vape",2352
2358,NULL,"Жидкость Тест - 001",2353
2362,0,"Swag Kit by Vaporesso",2362
2361,0,"VOOPOO Alpha One 222W",2354
2363,NULL,"Стекло для бака iJust S (меняет цвет в зависимости от температуры)",2363
2364,0,"Жидкость Goodsicle - Glacier Berries",2364
2365,0,"Жидкость Candy King On Ice - Worms",2365
2366,0,"Жидкость Goodsicle - Glacier Berries Menthol",2366
2367,0,"Жидкость 7Daze - Reds",2367
2368,0,"Жидкость Horny Flava - Red Apple",2369
2370,0,"Жидкость Horny Flava - Mango",2371
2369,0,"Жидкость Horny Flava - Strawberry",2370
2372,0,"Жидкость Horny Flava - Pomberry",2372
2371,0,"Жидкость Horny Flava - Pinberry",2368
2373,0,"Жидкость Horny Flava - Pineapple",2373
2374,0,"Siren 2 GTA MTL 22m by Digiflavor",2374
2375,0,"Жидкость Cloudman - Z.O.D.",2375
2376,0,"Испаритель WISMEC WM02 Dual 0.15 для Gnome",2376
2377,0,"Жидкость Cloudman - Frosty",2377
2378,0,"Recoil Rebel RDA (clone)",2378
2379,0,"Жидкость Cloudman - Dr. Grey",2379
2380,0,"Основа Smoke Kitchen Balance 50pg/50vg",2380
2381,0,"528 Goon 22 RDA (clone)",2381
2382,0,"Жидкость #Банина - Тёщин коктейль",2382
2383,0,"Жидкость #Банина - Зажаренный банан",2383
2384,0,"Жидкость #Банина - Персиковый мармелад",2384
2385,0,"Жидкость #Банина - Шерстяной смузи",2385
2387,0,"Жидкость GLOBAL - Grawnffrwyth",2387
2389,0,"Жидкость GLOBAL - AllBlacks",2389
2392,NULL,"Жидкость Marauder - ZYKLON BERRY",2392
2390,0,"Жидкость КРАЙ - Родной край",2390
2391,0,"Жидкость КРАЙ - Северный край",2391
2393,NULL,"Жидкость Marauder - GROSS DONUT",2393
2394,NULL,"Жидкость Marauder - APPLE STURM",2394
2395,NULL,"Жидкость Marauder - CHERRY BASTARD",2395
2396,0,"Сетка из нихрома Vandy Vape Mesh Wire NI80/100 Mesh 5ft",2396
2397,NULL,"Apro 16 by YouDe",2397
2398,NULL,"Stick m17 by Smok",2398
2399,0,"My Von Erl",2399
2403,NULL,"GW 257W Kit by Sigelei",2403
2400,NULL,"S-priv Kit by Smok",2400
2402,NULL,"E1 Kit by Sigelei",2402
2401,NULL,"Mag Kit by Smok",2401
2404,NULL,"Shayu Portable Lock Oil",2404
2405,NULL,"Winston XSpression XS impulse",2405
2406,NULL,"Philip Morris Ultra Blue",2406
2409,0,"Pulse BF Squonk Mod by Vandy vape",2409
2408,0,"Minikin Reborn 168W by Asmodus",2408
2410,0,"RX Machina Mech Mod by WISMEC",2410
2413,0,"Жидкость Trix - World",2413
2411,0,"Merlin MTL RTA by Augvape",2411
2412,0,"REULEAUX RX2 20700 by WISMEC",2412
2414,0,"G177 Box Mod by Hotcig",2414
2415,0,"СENTAUR RTA by Hotcig",2415
2418,0,"Испаритель Joyetech Atopack JV1C1 0.6ohm для Penguin",2418
2416,0,"Дрип-тип 810 из акрила Pan-007",2416
2417,0,"Испаритель WISMEC NS Triple 0.25 ohm для Elabo",2417
